Al,Co,Fe,Ni,Si,Mn,Cr,Mo,Ti,Cu,Zr,V,Nb,Sn,Zn,Ta,Hf,W,B,C,FCC,BCC,IM
0,0.3181,0.3551,0.3268,0,0,0,0,0,0,0,0,0,0,0,0,0,0,0,0,1,0,0
0.0963,0.3073,0.3045,0.2919,0,0,0,0,0,0,0,0,0,0,0,0,0,0,0,0,1,0,0
0.1742,0.2749,0.2781,0.2728,0,0,0,0,0,0,0,0,0,0,0,0,0,0,0,0,1,1,0
0.2287,0.2585,0.2613,0.2515,0,0,0,0,0,0,0,0,0,0,0,0,0,0,0,0,1,1,0
0.2842,0.2392,0.2438,0.2328,0,0,0,0,0,0,0,0,0,0,0,0,0,0,0,0,0,1,0
0,0.3052,0.3089,0.3027,0.0831,0,0,0,0,0,0,0,0,0,0,0,0,0,0,0,1,0,0
0,0.2816,0.2773,0.2728,0.1683,0,0,0,0,0,0,0,0,0,0,0,0,0,0,0,1,0,1
0,0.2572,0.2631,0.2606,0.2191,0,0,0,0,0,0,0,0,0,0,0,0,0,0,0,1,0,1
0,0,0.33,0.33,0,0.33,0,0,0,0,0,0,0,0,0,0,0,0,0,0,1,0,0
0,0.25,0.25,0.25,0,0.25,0,0,0,0,0,0,0,0,0,0,0,0,0,0,1,0,0
0,0.33,0,0.33,0,0.33,0,0,0,0,0,0,0,0,0,0,0,0,0,0,1,0,0
0,0.25,0,0.25,0,0.25,0.25,0,0,0,0,0,0,0,0,0,0,0,0,0,1,0,0
0,0.222,0.222,0.222,0,0,0.222,0.112,0,0,0,0,0,0,0,0,0,0,0,0,1,0,1
0.1,0.2,0.2,0.2,0,0,0.2,0.1,0,0,0,0,0,0,0,0,0,0,0,0,1,0,1
0.182,0.182,0.182,0.182,0,0,0.182,0.09,0,0,0,0,0,0,0,0,0,0,0,0,0,1,1
0.25,0.167,0.167,0.167,0,0,0.167,0.082,0,0,0,0,0,0,0,0,0,0,0,0,0,1,1
0.308,0.154,0.154,0.154,0,0,0.154,0.076,0,0,0,0,0,0,0,0,0,0,0,0,0,1,0
0,0.27,0.193,0.271,0,0,0.187,0,0.093,0,0,0,0,0,0,0,0,0,0,0,1,0,1
0.038,0.261,0.171,0.263,0,0,0.176,0,0.091,0,0,0,0,0,0,0,0,0,0,0,1,0,0
0,0.245,0.163,0.246,0,0,0.171,0,0.175,0,0,0,0,0,0,0,0,0,0,0,1,0,1
0.039,0.239,0.156,0.236,0,0,0.156,0,0.174,0,0,0,0,0,0,0,0,0,0,0,1,0,1
0.175,0.075,0.25,0.25,0,0,0.25,0,0,0,0,0,0,0,0,0,0,0,0,0,1,1,1
0,0.2,0.2,0.2,0,0,0.2,0,0,0.2,0,0,0,0,0,0,0,0,0,0,1,0,0
0,0,0.2,0.2,0,0,0.2,0.2,0,0.2,0,0,0,0,0,0,0,0,0,0,1,0,0
0.2,0,0.2,0.2,0,0,0.2,0,0,0.2,0,0,0,0,0,0,0,0,0,0,1,1,0
0,0,0.2,0.2,0,0.2,0.2,0,0,0.2,0,0,0,0,0,0,0,0,0,0,1,1,0
0,0,0.2,0.2,0,0,0.2,0,0,0.2,0.2,0,0,0,0,0,0,0,0,0,0,1,1
0.2,0.2,0.2,0.2,0,0,0.2,0,0,0,0,0,0,0,0,0,0,0,0,0,0,1,0
0.272,0.182,0.182,0.182,0,0,0.182,0,0,0,0,0,0,0,0,0,0,0,0,0,0,1,0
0.332,0.167,0.167,0.167,0,0,0.167,0,0,0,0,0,0,0,0,0,0,0,0,0,0,1,0
0.384,0.154,0.154,0.154,0,0,0.154,0,0,0,0,0,0,0,0,0,0,0,0,0,0,1,0
0.428,0.143,0.143,0.143,0,0,0.143,0,0,0,0,0,0,0,0,0,0,0,0,0,0,1,0
0.2,0.2,0.2,0.2,0,0,0.2,0,0,0,0,0,0,0,0,0,0,0,0,0,0,1,0
0.2,0.2,0.2,0.2,0,0,0.2,0,0,0,0,0,0,0,0,0,0,0,0,0,0,1,0
0.196,0.196,0.196,0.196,0,0,0.196,0.0196,0,0,0,0,0,0,0,0,0,0,0,0,0,1,0
0.192,0.192,0.192,0.192,0,0,0.192,0.038,0,0,0,0,0,0,0,0,0,0,0,0,0,1,1
0.189,0.189,0.189,0.189,0,0,0.189,0.056,0,0,0,0,0,0,0,0,0,0,0,0,0,1,1
0.185,0.185,0.185,0.185,0,0,0.185,0.074,0,0,0,0,0,0,0,0,0,0,0,0,0,1,1
0.182,0.182,0.182,0.182,0,0,0.182,0.0909,0,0,0,0,0,0,0,0,0,0,0,0,0,1,1
0.2,0.2,0.2,0.2,0,0,0.2,0,0,0,0,0,0,0,0,0,0,0,0,0,0,1,0
0.192,0.192,0.192,0.192,0.038,0,0.192,0,0,0,0,0,0,0,0,0,0,0,0,0,0,1,0
0.185,0.185,0.185,0.185,0.074,0,0.185,0,0,0,0,0,0,0,0,0,0,0,0,0,0,1,0
0.178,0.178,0.178,0.178,0.107,0,0.178,0,0,0,0,0,0,0,0,0,0,0,0,0,0,1,0
0.172,0.172,0.172,0.172,0.138,0,0.172,0,0,0,0,0,0,0,0,0,0,0,0,0,0,1,0
0.166,0.166,0.166,0.166,0.166,0,0.166,0,0,0,0,0,0,0,0,0,0,0,0,0,0,1,1
0.2,0.2,0.2,0.2,0,0,0.2,0,0,0,0,0,0,0,0,0,0,0,0,0,0,1,0
0.196,0.196,0.196,0.196,0,0,0.196,0,0,0,0,0,0,0,0,0,0,0,0,0.0196,0,1,1
0.1923,0.1923,0.1923,0.1923,0,0,0.1923,0,0,0,0,0,0,0,0,0,0,0,0,0.0385,0,1,1
0.189,0.189,0.189,0.189,0,0,0.189,0,0,0,0,0,0,0,0,0,0,0,0,0.0566,0,1,1
0.185,0.185,0.185,0.185,0,0,0.185,0,0,0,0,0,0,0,0,0,0,0,0,0.0741,0,1,1
0.182,0.182,0.182,0.182,0,0,0.182,0,0,0,0,0,0,0,0,0,0,0,0,0.0909,0,1,1
0.1667,0.1667,0.1667,0.1667,0,0,0.1667,0,0,0,0,0,0,0,0,0,0,0,0,0.1667,0,1,1
0.154,0.154,0.154,0.154,0,0,0.154,0,0,0,0,0,0,0,0,0,0,0,0,0.231,0,1,1
0.2,0.2,0.2,0.2,0,0,0.2,0,0,0,0,0,0,0,0,0,0,0,0,0,0,1,0
0.1961,0.1961,0.1961,0.1961,0,0,0.1961,0,0,0,0,0,0.0196,0,0,0,0,0,0,0,0,1,0
0.1905,0.1905,0.1905,0.1905,0,0,0.1905,0,0,0,0,0,0.0476,0,0,0,0,0,0,0,0,1,1
0.1818,0.1818,0.1818,0.1818,0,0,0.1818,0,0,0,0,0,0.0909,0,0,0,0,0,0,0,0,1,1
0.196,0.196,0.118,0.196,0,0,0.196,0.098,0,0,0,0,0,0,0,0,0,0,0,0,0,1,1
0.182,0.182,0.182,0.182,0,0,0.182,0.0091,0,0,0,0,0,0,0,0,0,0,0,0,0,1,1
0.167,0.167,0.25,0.167,0,0,0.167,0.083,0,0,0,0,0,0,0,0,0,0,0,0,0,1,1
0.154,0.154,0.308,0.154,0,0,0.154,0.077,0,0,0,0,0,0,0,0,0,0,0,0,0,1,1
0,0.182,0.182,0.182,0,0,0.182,0,0.0909,0.182,0,0,0,0,0,0,0,0,0,0,1,0,0
0.0454,0.182,0.182,0.182,0,0,0.182,0,0.0909,0.136,0,0,0,0,0,0,0,0,0,0,1,0,0
0.0909,0.182,0.182,0.182,0,0,0.182,0,0.0909,0.0909,0,0,0,0,0,0,0,0,0,0,1,1,0
0.136,0.182,0.182,0.182,0,0,0.182,0,0.0909,0.0454,0,0,0,0,0,0,0,0,0,0,0,1,0
0.2,0.2,0.2,0.2,0,0,0.2,0,0,0,0,0,0,0,0,0,0,0,0,0,0,1,0
0.1818,0.1818,0.1818,0.1818,0,0,0.1818,0,0.0909,0,0,0,0,0,0,0,0,0,0,0,0,1,0
0.1667,0.1667,0.1667,0.1667,0,0,0.1667,0,0.1667,0,0,0,0,0,0,0,0,0,0,0,0,1,0
0.1538,0.1538,0.1538,0.1538,0,0,0.1538,0,0.2308,0,0,0,0,0,0,0,0,0,0,0,0,1,1
0,0.2,0.2,0.2,0,0,0.2,0,0,0.2,0,0,0,0,0,0,0,0,0,0,1,0,0
0.0566,0.1887,0.1887,0.1887,0,0,0.1887,0,0,0.1887,0,0,0,0,0,0,0,0,0,0,1,0,0
0.0909,0.1818,0.1818,0.1818,0,0,0.1818,0,0,0.1818,0,0,0,0,0,0,0,0,0,0,1,0,0
0.1379,0.1724,0.1724,0.1724,0,0,0.1724,0,0,0.1724,0,0,0,0,0,0,0,0,0,0,1,1,0
0.1667,0.1667,0.1667,0.1667,0,0,0.1667,0,0,0.1667,0,0,0,0,0,0,0,0,0,0,1,1,0
0.2063,0.1587,0.1587,0.1587,0,0,0.1587,0,0,0.1587,0,0,0,0,0,0,0,0,0,0,1,1,0
0.2308,0.1538,0.1538,0.1538,0,0,0.1538,0,0,0.1538,0,0,0,0,0,0,0,0,0,0,1,1,0
0.2647,0.1471,0.1471,0.1471,0,0,0.1471,0,0,0.1471,0,0,0,0,0,0,0,0,0,0,1,1,0
0.2857,0.1429,0.1429,0.1429,0,0,0.1429,0,0,0.1429,0,0,0,0,0,0,0,0,0,0,1,1,0
0.3151,0.137,0.137,0.137,0,0,0.137,0,0,0.137,0,0,0,0,0,0,0,0,0,0,1,1,0
0.3333,0.1333,0.1333,0.1333,0,0,0.1333,0,0,0.1333,0,0,0,0,0,0,0,0,0,0,1,1,0
0.359,0.1282,0.1282,0.1282,0,0,0.1282,0,0,0.1282,0,0,0,0,0,0,0,0,0,0,0,1,0
0.375,0.125,0.125,0.125,0,0,0.125,0,0,0.125,0,0,0,0,0,0,0,0,0,0,0,1,0
0.25,0,0.25,0.25,0,0,0.25,0,0,0,0,0,0,0,0,0,0,0,0,0,0,1,1
0.2381,0,0.2381,0.2381,0,0,0.2381,0.0476,0,0,0,0,0,0,0,0,0,0,0,0,0,1,1
0.2222,0,0.2222,0.2222,0,0,0.2222,0.1111,0,0,0,0,0,0,0,0,0,0,0,0,0,1,1
0.2083,0,0.2083,0.2083,0,0,0.2083,0.1667,0,0,0,0,0,0,0,0,0,0,0,0,0,1,1
0.2,0,0.2,0.2,0,0,0.2,0.2,0,0,0,0,0,0,0,0,0,0,0,0,0,1,1
0,0.2222,0.2222,0.2222,0,0,0.2222,0,0,0.1111,0,0,0,0,0,0,0,0,0,0,1,0,1
0,0.2222,0.2222,0.2222,0,0,0.2222,0,0,0.1111,0,0,0,0,0,0,0,0,0,0,1,0,1
0,0.2222,0.2222,0.2222,0,0,0.2222,0,0,0.1111,0,0,0,0,0,0,0,0,0,0,1,0,1
0,0.2222,0.2222,0.2222,0,0,0.2222,0,0,0.1111,0,0,0,0,0,0,0,0,0,0,1,0,1
0,0.2222,0.2222,0.2222,0,0,0.2222,0,0,0.1111,0,0,0,0,0,0,0,0,0,0,1,0,1
0,0.2222,0.2222,0.2222,0,0,0.2222,0,0,0.1111,0,0,0,0,0,0,0,0,0,0,1,0,1
0,0.2222,0.2222,0.2222,0,0,0.2222,0,0,0.1111,0,0,0,0,0,0,0,0,0,0,1,0,1
0,0.2222,0.2222,0.2222,0,0,0.2222,0,0,0.1111,0,0,0,0,0,0,0,0,0,0,1,0,1
0,0.2222,0.2222,0.2222,0,0,0.2222,0,0,0.1111,0,0,0,0,0,0,0,0,0,0,1,0,1
0,0.2,0.2,0.2,0,0,0.2,0,0,0.2,0,0,0,0,0,0,0,0,0,0,1,0,0
0,0.1818,0.1818,0.1818,0,0,0.1818,0,0.0909,0.1818,0,0,0,0,0,0,0,0,0,0,1,0,0
0,0.1724,0.1724,0.1724,0,0,0.1724,0,0.1379,0.1724,0,0,0,0,0,0,0,0,0,0,1,0,1
0,0.1667,0.1667,0.1667,0,0,0.1667,0,0.1667,0.1667,0,0,0,0,0,0,0,0,0,0,1,0,1
0.0909,0.1818,0.1818,0.1818,0,0,0.1818,0,0,0.1818,0,0,0,0,0,0,0,0,0,0,1,0,0
0.0877,0.1754,0.1754,0.1754,0,0,0.1754,0,0.0351,0.1754,0,0,0,0,0,0,0,0,0,0,1,0,0
0.0847,0.1695,0.1695,0.1695,0,0,0.1695,0,0.0678,0.1695,0,0,0,0,0,0,0,0,0,0,1,1,0
0.082,0.1639,0.1639,0.1639,0,0,0.1639,0,0.0984,0.1639,0,0,0,0,0,0,0,0,0,0,1,1,0
0.0794,0.1587,0.1587,0.1587,0,0,0.1587,0,0.127,0.1587,0,0,0,0,0,0,0,0,0,0,1,1,1
0.0769,0.1538,0.1538,0.1538,0,0,0.1538,0,0.1538,0.1538,0,0,0,0,0,0,0,0,0,0,1,1,1
0.0746,0.1493,0.1493,0.1493,0,0,0.1493,0,0.1791,0.1493,0,0,0,0,0,0,0,0,0,0,1,1,1
0.0725,0.1449,0.1449,0.1449,0,0,0.1449,0,0.2029,0.1449,0,0,0,0,0,0,0,0,0,0,1,1,1
0.0704,0.1408,0.1408,0.1408,0,0,0.1408,0,0.2254,0.1408,0,0,0,0,0,0,0,0,0,0,1,1,1
0.0685,0.137,0.137,0.137,0,0,0.137,0,0.2466,0.137,0,0,0,0,0,0,0,0,0,0,1,1,1
0.0667,0.1333,0.1333,0.1333,0,0,0.1333,0,0.2667,0.1333,0,0,0,0,0,0,0,0,0,0,1,1,1
0.0909,0.1818,0.1818,0.1818,0,0,0.1818,0,0,0.1818,0,0,0,0,0,0,0,0,0,0,1,0,0
0.0877,0.1754,0.1754,0.1754,0,0,0.1754,0,0,0.1754,0,0.0351,0,0,0,0,0,0,0,0,1,0,0
0.0847,0.1695,0.1695,0.1695,0,0,0.1695,0,0,0.1695,0,0.0678,0,0,0,0,0,0,0,0,1,1,0
0.082,0.1639,0.1639,0.1639,0,0,0.1639,0,0,0.1639,0,0.0984,0,0,0,0,0,0,0,0,1,1,1
0.0794,0.1587,0.1587,0.1587,0,0,0.1587,0,0,0.1587,0,0.127,0,0,0,0,0,0,0,0,1,1,1
0.0769,0.1538,0.1538,0.1538,0,0,0.1538,0,0,0.1538,0,0.1538,0,0,0,0,0,0,0,0,1,1,1
0.0746,0.1493,0.1493,0.1493,0,0,0.1493,0,0,0.1493,0,0.1791,0,0,0,0,0,0,0,0,0,1,0
0.0725,0.1449,0.1449,0.1449,0,0,0.1449,0,0,0.1449,0,0.2029,0,0,0,0,0,0,0,0,0,1,0
0.0704,0.1408,0.1408,0.1408,0,0,0.1408,0,0,0.1408,0,0.2254,0,0,0,0,0,0,0,0,0,1,0
0.0685,0.137,0.137,0.137,0,0,0.137,0,0,0.137,0,0.2466,0,0,0,0,0,0,0,0,0,1,0
0.0667,0.1333,0.1333,0.1333,0,0,0.1333,0,0,0.1333,0,0.2667,0,0,0,0,0,0,0,0,0,1,0
0.2,0.2,0.2,0.2,0,0,0,0,0,0.2,0,0,0,0,0,0,0,0,0,0,1,1,0
0.1667,0.1667,0.1667,0.1667,0.1667,0,0,0,0,0.1667,0,0,0,0,0,0,0,0,0,0,1,1,0
0.1667,0.1667,0.1667,0.1667,0,0,0.1667,0,0,0.1667,0,0,0,0,0,0,0,0,0,0,1,1,0
0.1667,0.1667,0.1667,0.1667,0,0,0,0,0.1667,0.1667,0,0,0,0,0,0,0,0,0,0,1,1,0
0.1667,0.1667,0.1667,0.1667,0,0,0,0,0,0.1667,0.1667,0,0,0,0,0,0,0,0,0,1,1,1
0.1667,0.1667,0.1667,0.1667,0,0,0.1667,0,0,0.1667,0,0,0,0,0,0,0,0,0,0,1,1,0
0.1428,0.1428,0.1428,0.1428,0,0.1428,0.1428,0,0,0.1428,0,0,0,0,0,0,0,0,0,0,1,1,1
0.1428,0.1428,0.1428,0.1428,0,0,0.1428,0,0.1428,0.1428,0,0,0,0,0,0,0,0,0,0,1,1,1
0.1428,0.1428,0.1428,0.1428,0,0,0.1428,0,0,0.1428,0,0.1428,0,0,0,0,0,0,0,0,1,1,0
0,0.25,0.25,0.25,0,0,0,0,0,0.25,0,0,0,0,0,0,0,0,0,0,1,0,0
0,0.2488,0.2488,0.2488,0,0,0,0,0,0.2488,0,0,0,0.005,0,0,0,0,0,0,1,0,0
0,0.2475,0.2475,0.2475,0,0,0,0,0,0.2475,0,0,0,0.0099,0,0,0,0,0,0,1,0,1
0,0.2469,0.2469,0.2469,0,0,0,0,0,0.2469,0,0,0,0.0123,0,0,0,0,0,0,1,0,1
0,0.2457,0.2457,0.2457,0,0,0,0,0,0.2457,0,0,0,0.0172,0,0,0,0,0,0,1,0,1
0,0.2439,0.2439,0.2439,0,0,0,0,0,0.2439,0,0,0,0.0244,0,0,0,0,0,0,1,0,1
0,0.2381,0.2381,0.2381,0,0,0,0,0,0.2381,0,0,0,0.0476,0,0,0,0,0,0,1,0,1
0.0385,0,0.1923,0.3846,0,0,1923,0,0,0.1923,0,0,0,0,0,0,0,0,0,0,1,0,0
0.0741,0,0.1852,0.3704,0,0,0.1852,0,0,0.1852,0,0,0,0,0,0,0,0,0,0,1,0,0
0.1071,0,0.1786,0.3571,0,0,0.1786,0,0,0.1786,0,0,0,0,0,0,0,0,0,0,1,0,0
0.1379,0,0.1724,0.3448,0,0,0.1724,0,0,0.1724,0,0,0,0,0,0,0,0,0,0,1,0,0
0.1667,0,0.1667,0.3333,0,0,0.1667,0,0,0.1667,0,0,0,0,0,0,0,0,0,0,0,1,0
0.1935,0,0.1613,0.3226,0,0,0.1613,0,0,0.1613,0,0,0,0,0,0,0,0,0,0,0,1,0
0.1667,0,0.1667,0.1667,0,0,0.1667,0,0.1667,0.1667,0,0,0,0,0,0,0,0,0,0,0,1,1
0.276,0,0,0,0,0,0,0,0.246,0,0,0.238,0.242,0,0,0,0,0,0,0,0,1,0
0.256,0,0,0,0,0,0.102,0,0.214,0,0,0.206,0.222,0,0,0,0,0,0,0,0,1,0
0.229,0,0,0,0,0,0.188,0,0.193,0,0,0.188,0.202,0,0,0,0,0,0,0,0,1,1
0.217,0,0,0,0,0,0.25,0,0.178,0,0,0.168,0.187,0,0,0,0,0,0,0,0,1,1
0.2,0,0,0,0,0,0,0.1,0.2,0,0.2,0,0.2,0,0,0.1,0,0,0,0,0,1,1
0.2,0,0,0,0,0,0,0,0.3,0,0.1,0,0.3,0,0,0.1,0,0,0,0,0,1,0
0.08,0,0,0,0,0,0,0,0.2,0,0.2,0,0.2,0,0,0.2,0.12,0,0,0,0,1,0
0.06,0,0,0,0,0,0,0,0.28,0,0.26,0,0.2,0,0,0.2,0,0,0,0,0,1,1
0.06,0,0,0,0,0,0,0,0.28,0,0.26,0.04,0.2,0,0,0.16,0,0,0,0,0,1,0
0.1,0,0,0,0,0,0,0,0.3,0,0.2,0.04,0.2,0,0,0.16,0,0,0,0,0,1,1
0,0,0,0,0,0,0,0,0.202,0,0.199,0,0.189,0,0,0.202,0.208,0,0,0,0,1,1
0.066,0,0,0,0,0,0,0,0.184,0,0.193,0,0.186,0,0,0.184,0.187,0,0,0,0,1,1
0.094,0,0,0,0,0,0,0,0.183,0,0.191,0,0.176,0,0,0.176,0.18,0,0,0,0,1,1
0.125,0,0,0,0,0,0,0,0.176,0,0.18,0,0.174,0,0,0.176,0.169,0,0,0,0,1,1
0.162,0,0,0,0,0,0,0,0.174,0,0.166,0,0.169,0,0,0.164,0.164,0,0,0,0,1,1
0,0,0,0,0,0,0,0.25,0.25,0,0,0.25,0.25,0,0,0,0,0,0,0,0,1,0
0.0588,0,0,0,0,0,0,0.2353,0.2353,0,0,0.2353,0.2353,0,0,0,0,0,0,0,0,1,0
0.1111,0,0,0,0,0,0,0.2222,0.2222,0,0,0.2222,0.2222,0,0,0,0,0,0,0,0,1,0
0.1579,0,0,0,0,0,0,0.2105,0.2105,0,0,0.2105,0.2105,0,0,0,0,0,0,0,0,1,0
0.2,0,0,0,0,0,0,0.2,0.2,0,0,0.2,0.2,0,0,0,0,0,0,0,0,1,0
0.2727,0,0,0,0,0,0,0.1818,0.1818,0,0,0.1818,0.1818,0,0,0,0,0,0,0,0,1,0
0,0,0,0,0,0,0,0.25,0.25,0,0,0.25,0.25,0,0,0,0,0,0,0,0,1,0
0,0,0,0,0,0,0,0.25,0.25,0,0,0.25,0.25,0,0,0,0,0,0,0,0,1,0
0,0,0,0,0,0,0,0.25,0.25,0,0,0.25,0.25,0,0,0,0,0,0,0,0,1,0
0,0,0,0,0,0,0,0.25,0.25,0,0,0.25,0.25,0,0,0,0,0,0,0,0,1,0
0,0,0,0,0,0,0,0,0.25,0,0,0.25,0.25,0,0,0.25,0,0,0,0,0,1,0
0.0588,0,0,0,0,0,0,0,0.2353,0,0,0.2353,0.2353,0,0,0.2353,0,0,0,0,0,1,0
0.1111,0,0,0,0,0,0,0,0.2222,0,0,0.2222,0.2222,0,0,0.2222,0,0,0,0,0,1,0
0.2,0,0,0,0,0,0,0,0.2,0,0,0.2,0.2,0,0,0.2,0,0,0,0,0,1,0
0.266,0,0,0,0,0,0,0,0.251,0,0,0.245,0.238,0,0,0,0,0,0,0,0,1,0
0,0,0,0,0,0,0,0,0.2,0,0.2,0.2,0.2,0,0,0,0.2,0,0,0,0,1,1
0,0,0,0,0,0,0,0,0.2,0,0.2,0.2,0.2,0,0,0,0.2,0,0,0,0,1,0
0,0,0,0,0,0,0,0,0.2,0,0.2,0.2,0.2,0,0,0,0.2,0,0,0,0,1,0
0,0,0,0,0,0,0,0,0.2,0,0.2,0.2,0.2,0,0,0,0.2,0,0,0,0,1,0
0,0,0,0,0,0,0,0,0.2,0,0.2,0.2,0.2,0,0,0,0.2,0,0,0,0,1,1
0,0,0,0,0,0,0.2,0,0.2,0,0.2,0,0.2,0,0,0,0.2,0,0,0,0,1,1
0,0,0,0,0,0,0.2,0,0.2,0,0.2,0,0.2,0,0,0,0.2,0,0,0,0,1,1
0,0,0,0,0,0,0.2,0,0.2,0,0.2,0,0.2,0,0,0,0.2,0,0,0,0,1,1
0,0,0,0,0,0,0.2,0,0.2,0,0.2,0,0.2,0,0,0,0.2,0,0,0,0,1,1
0,0,0,0,0,0,0.2,0,0.2,0,0.2,0,0.2,0,0,0,0.2,0,0,0,0,1,1
0,0,0,0,0,0,0,0,0.197,0,0.2123,0,0.1893,0,0,0.1968,0.2046,0,0,0,0,1,0
0,0,0,0,0,0,0,0.25,0,0,0,0,0.25,0,0,0.25,0,0.25,0,0,0,1,0
0,0,0,0,0,0,0,0.2,0,0,0,0.2,0.2,0,0,0.2,0,0.2,0,0,0,1,0
0,0,0,0,0,0,0,0.125,0.25,0,0.25,0,0.25,0,0,0,0.125,0,0,0,0,1,0
0,0,0,0,0,0,0,0.122,0.2439,0,0.2439,0,0.2439,0,0,0,0.122,0,0,0.0244,0,1,1
0,0,0,0,0,0,0,0.1163,0.2326,0,0.2326,0,0.2326,0,0,0,0.1163,0,0,0.0698,0,1,1
0,0,0,0,0,0,0,0,0.2,0,0.2,0,0.2,0,0,0.2,0.2,0,0,0,0,1,0
0,0,0,0,0,0,0,0.048,0.19,0,0.19,0,0.19,0,0,0.19,0.19,0,0,0,0,1,0
0,0,0,0,0,0,0,0.091,0.182,0,0.182,0,0.182,0,0,0.182,0.182,0,0,0,0,1,0
0,0,0,0,0,0,0,0.13,0.174,0,0.174,0,0.174,0,0,0.174,0.174,0,0,0,0,1,0
0,0,0,0,0,0,0,0.167,0.167,0,0.167,0,0.167,0,0,0.167,0.167,0,0,0,0,1,0
0,0,0,0,0,0,0,0.2,0.2,0,0.2,0,0,0,0,0.2,0.2,0,0,0,0,1,0
0,0,0,0,0.1111,0,0,0,0.2222,0,0,0.2222,0.2222,0,0,0,0.2222,0,0,0,0,1,1
0,0,0,0,0.0909,0,0,0,0.1818,0,0.1818,0.1818,0.1818,0,0,0,0.1818,0,0,0,0,1,1
0,0,0,0,0.0909,0,0,0,0.1818,0,0.1818,0.1818,0.1818,0,0,0,0.1818,0,0,0,0,1,1
0,0,0,0,0,0,0,0,0,0,0.25,0,0.25,0,0,0.25,0.25,0,0,0,0,1,0
0,0,0,0,0,0,0,0,0,0,0.25,0,0.25,0,0,0.25,0.25,0,0,0,0,1,0
0,0,0,0,0,0,0,0,0.25,0,0.25,0,0.25,0,0,0,0.25,0,0,0,0,1,0
0,0,0,0,0,0,0,0.25,0,0,0,0.25,0.25,0,0,0.25,0,0,0,0,0,1,0
0,0,0,0,0,0,0,0,0.303,0,0.303,0.0909,0.303,0,0,0,0,0,0,0,0,1,0
0,0,0,0,0,0,0,0.0294,0.2941,0,0.2941,0.0882,0.2941,0,0,0,0,0,0,0,0,1,0
0,0,0,0,0,0,0,0.0833,0.2778,0,0.2778,0.0833,0.2778,0,0,0,0,0,0,0,0,1,0
0,0,0,0,0,0,0,0.1316,0.2632,0,0.2632,0.0789,0.2632,0,0,0,0,0,0,0,0,1,0
0,0,0,0,0,0,0,0.175,0.25,0,0.25,0.075,0.25,0,0,0,0,0,0,0,0,1,0
0,0,0,0,0,0,0,0.2326,0.2326,0,0.2326,0.0698,0.2326,0,0,0,0,0,0,0,0,1,0
0,0,0,0,0,0,0,0.2826,0.2174,0,0.2174,0.0652,0.2174,0,0,0,0,0,0,0,0,1,0
0,0,0,0,0,0,0,0.3125,0.2083,0,0.2083,0.0625,0.2083,0,0,0,0,0,0,0,0,1,0
0.1739,0.1739,0.1739,0.1739,0,0,0.1739,0,0.087,0.0435,0,0,0,0,0,0,0,0,0,0,0,1,0
0.1667,0.1667,0.1667,0.1667,0,0,0.1667,0,0.0833,0.0833,0,0,0,0,0,0,0,0,0,0,0,1,0
0,0,0,0,0,0,0.2,0.1,0.2,0,0.2,0,0.2,0,0,0.1,0,0,0,0,1,1,1
0,0,0,0,0,0,0,0.25,0.25,0,0.25,0,0.25,0,0,0,0,0,0,0,0,1,0
0,0,0,0,0,0,0,0.2353,0.2353,0,0.2353,0.0588,0.2353,0,0,0,0,0,0,0,0,1,0
0,0,0,0,0,0,0,0.2222,0.2222,0,0.2222,0.1111,0.2222,0,0,0,0,0,0,0,0,1,0
0,0,0,0,0,0,0,0.2105,0.2105,0,0.2105,0.1579,0.2105,0,0,0,0,0,0,0,0,1,0
0,0,0,0,0,0,0,0.2,0.2,0,0.2,0.2,0.2,0,0,0,0,0,0,0,0,1,0
0,0,0,0,0,0,0,0.1818,0.1818,0,0.1818,0.2727,0.1818,0,0,0,0,0,0,0,0,1,1
0,0,0,0,0,0,0,0.1667,0.1667,0,0.1667,0.3333,0.1667,0,0,0,0,0,0,0,0,1,1
0,0,0,0,0,0,0,0.1429,0.1429,0,0.1429,0.4286,0.1429,0,0,0,0,0,0,0,0,1,1
0.1739,0.1739,0.1739,0.1739,0,0,0.1739,0,0,0,0,0,0.1304,0,0,0,0,0,0,0,0,1,1
0,0,0,0,0,0,0,0,0.2,0,0,0.2,0.2,0,0,0.2,0,0.2,0,0,0,1,0
0,0,0,0,0,0,0,0,0,0,0,0.25,0.25,0,0,0.25,0,0.25,0,0,0,1,0
0,0.25,0.25,0.25,0,0,0,0,0,0,0,0.25,0,0,0,0,0,0,0,0,1,0,0
0,0.2381,0.2381,0.2381,0,0,0,0.0476,0,0,0,0.2381,0,0,0,0,0,0,0,0,1,0,1
0,0.2273,0.2273,0.2273,0,0,0,0.0909,0,0,0,0.2273,0,0,0,0,0,0,0,0,1,0,1
0,0.2174,0.2174,0.2174,0,0,0,0.1304,0,0,0,0.2174,0,0,0,0,0,0,0,0,1,0,1
0,0.2083,0.2083,0.2083,0,0,0,0.1667,0,0,0,0.2083,0,0,0,0,0,0,0,0,1,0,1
0,0.2,0.2,0.2,0,0,0,0.2,0,0,0,0.2,0,0,0,0,0,0,0,0,1,0,1
0,0.1923,0.1923,0.1923,0,0,0,0.2308,0,0,0,0.1923,0,0,0,0,0,0,0,0,1,0,1
0,0.1852,0.1852,0.1852,0,0,0,0.2593,0,0,0,0.1852,0,0,0,0,0,0,0,0,1,0,1
0,0.1786,0.1786,0.1786,0,0,0,0.2857,0,0,0,0.1786,0,0,0,0,0,0,0,0,1,0,1
0,0.1724,0.1724,0.1724,0,0,0,0.3103,0,0,0,0.1724,0,0,0,0,0,0,0,0,1,0,1
0,0.1667,0.1667,0.1667,0,0,0,0.3333,0,0,0,0.1667,0,0,0,0,0,0,0,0,1,0,1
0,0.125,0.125,0.125,0,0.125,0.125,0,0.125,0.125,0,0.125,0,0,0,0,0,0,0,0,1,1,0
0.0154,0.1231,0.1231,0.1231,0,0.1231,0.1231,0,0.1231,0.1231,0,0.1231,0,0,0,0,0,0,0,0,1,1,0
0.0303,0.1212,0.1212,0.1212,0,0.1212,0.1212,0,0.1212,0.1212,0,0.1212,0,0,0,0,0,0,0,0,0,1,0
0.0769,0.1154,0.1154,0.1154,0,0.1154,0.1154,0,0.1154,0.1154,0,0.1154,0,0,0,0,0,0,0,0,0,1,1
0.0172,0,0,0.3276,0,0.3276,0,0,0,0.3276,0,0,0,0,0,0,0,0,0,0,1,0,0
0.0357,0,0,0.3214,0,0.3214,0,0,0,0.3214,0,0,0,0,0,0,0,0,0,0,1,0,1
0.0769,0,0,0.3077,0,0.3077,0,0,0,0.3077,0,0,0,0,0,0,0,0,0,0,1,0,1
0.1,0,0,0.3,0,0.3,0,0,0,0.3,0,0,0,0,0,0,0,0,0,0,0,0,1
0.125,0,0,0.2917,0,0.2917,0,0,0,0.2917,0,0,0,0,0,0,0,0,0,0,0,0,1
0.1818,0,0,0.2727,0,0.2727,0,0,0,0.2727,0,0,0,0,0,0,0,0,0,0,0,0,1
0.0172,0,0,0.3276,0,0.3276,0,0,0,0.3276,0,0,0,0,0,0,0,0,0,0,1,0,1
0.0357,0,0,0.3214,0,0.3214,0,0,0,0.3214,0,0,0,0,0,0,0,0,0,0,1,0,1
0.0769,0,0,0.3077,0,0.3077,0,0,0,0.3077,0,0,0,0,0,0,0,0,0,0,0,0,1
0.1,0,0,0.3,0,0.3,0,0,0,0.3,0,0,0,0,0,0,0,0,0,0,0,0,1
0.125,0,0,0.2917,0,0.2917,0,0,0,0.2917,0,0,0,0,0,0,0,0,0,0,0,0,1
0.1818,0,0,0.2727,0,0.2727,0,0,0,0.2727,0,0,0,0,0,0,0,0,0,0,0,0,1
0,0,0,0.3276,0,0.3276,0,0,0,0.3276,0,0,0,0.0172,0,0,0,0,0,0,1,0,1
0,0,0,0.3214,0,0.3214,0,0,0,0.3214,0,0,0,0.0357,0,0,0,0,0,0,1,0,1
0,0,0,0.3077,0,0.3077,0,0,0,0.3077,0,0,0,0.0769,0,0,0,0,0,0,1,0,1
0,0,0,0.3,0,0.3,0,0,0,0.3,0,0,0,0.1,0,0,0,0,0,0,0,0,1
0,0,0,0.3276,0,0.3276,0,0,0,0.3276,0,0,0,0.0172,0,0,0,0,0,0,1,0,1
0,0,0,0.3214,0,0.3214,0,0,0,0.3214,0,0,0,0.0357,0,0,0,0,0,0,1,0,1
0,0,0,0.3077,0,0.3077,0,0,0,0.3077,0,0,0,0.0769,0,0,0,0,0,0,1,0,1
0,0,0,0.3,0,0.3,0,0,0,0.3,0,0,0,0.1,0,0,0,0,0,0,0,0,1
0,0,0,0.3077,0,0.3077,0,0,0,0.3077,0,0,0,0,0.0769,0,0,0,0,0,1,0,0
0,0,0,0.3,0,0.3,0,0,0,0.3,0,0,0,0,0.1,0,0,0,0,0,1,0,0
0,0,0,0.2826,0,0.2826,0,0,0,0.2826,0,0,0,0,0.1522,0,0,0,0,0,1,0,1
0,0,0,0.2727,0,0.2727,0,0,0,0.2727,0,0,0,0,0.1818,0,0,0,0,0,1,0,1
0,0,0,0.3077,0,0.3077,0,0,0,0.3077,0,0,0,0,0.0769,0,0,0,0,0,1,0,0
0,0,0,0.3,0,0.3,0,0,0,0.3,0,0,0,0,0.1,0,0,0,0,0,1,0,0
0,0,0,0.2826,0,0.2826,0,0,0,0.2826,0,0,0,0,0.1522,0,0,0,0,0,1,0,1
0,0,0,0.2727,0,0.2727,0,0,0,0.2727,0,0,0,0,0.1818,0,0,0,0,0,1,0,1
0.0179,0,0,0.3214,0,0.3214,0,0,0,0.3214,0,0,0,0.0179,0,0,0,0,0,0,1,0,1
0.02,0,0,0.3,0,0.3,0,0,0,0.3,0,0,0,0,0.08,0,0,0,0,0,1,0,1
0.0227,0,0,0.2727,0,0.2727,0,0,0,0.2727,0,0,0,0,0.1591,0,0,0,0,0,1,0,1
0.0385,0,0,0.3077,0,0.3077,0,0,0,0.3077,0,0,0,0,0.0385,0,0,0,0,0,1,0,1
0.0417,0,0,0.2917,0,0.2917,0,0,0,0.2917,0,0,0,0,0.0833,0,0,0,0,0,1,0,1
0,0,0,0.3,0,0.3,0,0,0,0.3,0,0,0,0.02,0.08,0,0,0,0,0,1,0,1
0,0,0,0.2727,0,0.2727,0,0,0,0.2727,0,0,0,0.0227,0.1591,0,0,0,0,0,1,0,1
0.0179,0,0,0.3214,0,0.3214,0,0,0,0.3214,0,0,0,0.0179,0,0,0,0,0,0,1,0,1
0.02,0,0,0.3,0,0.3,0,0,0,0.3,0,0,0,0,0.08,0,0,0,0,0,1,0,1
0.0227,0,0,0.2727,0,0.2727,0,0,0,0.2727,0,0,0,0,0.1591,0,0,0,0,0,0,0,1
0.0385,0,0,0.3077,0,0.3077,0,0,0,0.3077,0,0,0,0,0.0385,0,0,0,0,0,1,0,1
0.0417,0,0,0.2917,0,0.2917,0,0,0,0.2917,0,0,0,0,0.0833,0,0,0,0,0,1,0,1
0,0,0,0.3,0,0.3,0,0,0,0.3,0,0,0,0.02,0.08,0,0,0,0,0,1,0,1
0,0,0,0.2727,0,0.2727,0,0,0,0.2727,0,0,0,0.0227,0.1591,0,0,0,0,0,1,0,1
0,0,0,0.0588,0,0.4118,0,0,0,0.4118,0,0,0,0,0.1176,0,0,0,0,0,1,0,1
0.201,0,0,0,0,0,0.1938,0.1943,0.1934,0,0,0,0.1966,0,0,0,0,0,0,0,0,1,0
0.198,0,0,0,0,0,0.204,0.192,0.205,0,0,0,0.202,0,0,0,0,0,0,0,0,1,0
0.201,0,0,0,0,0,0.199,0.195,0.206,0,0,0,0.199,0,0,0,0,0,0,0,0,1,0
0.199,0,0,0,0,0,0.197,0.196,0.203,0,0,0,0.205,0,0,0,0,0,0,0,0,1,0
0,0.3333,0,0.3333,0,0,0,0.0833,0,0,0,0.1667,0,0,0,0,0,0.0833,0,0,1,0,1
0,0.3226,0,0.3226,0,0,0,0.0968,0,0,0,0.1613,0,0,0,0,0,0.0968,0,0,1,0,1
0,0.303,0,0.303,0,0,0,0.1212,0,0,0,0.1515,0,0,0,0,0,0.1212,0,0,1,0,1
0,0.2857,0,0.2857,0,0,0,0.1429,0,0,0,0.1429,0,0,0,0,0,0.1429,0,0,1,1,1
0,0.25,0,0.25,0,0,0,0.1875,0,0,0,0.125,0,0,0,0,0,0.1875,0,0,1,1,1
0,0.2353,0,0.2353,0,0,0,0.2059,0,0,0,0.1176,0,0,0,0,0,0.2059,0,0,1,1,1
0,0.2222,0.2222,0.4444,0,0,0,0,0,0,0,0.1111,0,0,0,0,0,0,0,0,1,0,0
0,0.2128,0.2128,0.4255,0,0,0,0,0,0,0,0.1064,0.0426,0,0,0,0,0,0,0,1,0,0
0,0.2041,0.2041,0.4082,0,0,0,0,0,0,0,0.102,0.0816,0,0,0,0,0,0,0,1,0,1
0,0.1961,0.1961,0.3922,0,0,0,0,0,0,0,0.098,0.1176,0,0,0,0,0,0,0,1,0,1
0,0.1942,0.1942,0.3883,0,0,0,0,0,0,0,0.0971,0.1262,0,0,0,0,0,0,0,1,0,1
0,0.1923,0.1923,0.3846,0,0,0,0,0,0,0,0.0962,0.1346,0,0,0,0,0,0,0,1,0,1
0,0.1905,0.1905,0.381,0,0,0,0,0,0,0,0.0952,0.1429,0,0,0,0,0,0,0,1,0,1
0,0.1887,0.1887,0.3774,0,0,0,0,0,0,0,0.0943,0.1509,0,0,0,0,0,0,0,1,0,1
0,0.1818,0.1818,0.3636,0,0,0,0,0,0,0,0.0909,0.1818,0,0,0,0,0,0,0,1,0,1
0,0.25,0.25,0.25,0,0,0.25,0,0,0,0,0,0,0,0,0,0,0,0,0,1,0,0
0,0.2439,0.2439,0.2439,0,0,0.2439,0,0,0,0,0,0,0,0,0.0244,0,0,0,0,1,0,0
0,0.2381,0.2381,0.2381,0,0,0.2381,0,0,0,0,0,0,0,0,0.0476,0,0,0,0,1,0,1
0,0.2326,0.2326,0.2326,0,0,0.2326,0,0,0,0,0,0,0,0,0.0698,0,0,0,0,1,0,1
0,0.2273,0.2273,0.2273,0,0,0.2273,0,0,0,0,0,0,0,0,0.0909,0,0,0,0,1,0,1
0,0.2222,0.2222,0.2222,0,0,0.2222,0,0,0,0,0,0,0,0,0.1111,0,0,0,0,1,0,1
0,0.2105,0.2105,0.2105,0,0,0.2105,0,0,0,0,0,0,0,0,0.1579,0,0,0,0,1,0,1
0.1846,0.2065,0.1936,0.4153,0,0,0,0,0,0,0,0,0,0,0,0,0,0,0,0,1,1,0
0,0.2257,0.2257,0.2257,0,0,0.2257,0,0,0,0,0,0,0,0,0.0971,0,0,0,0,1,0,1
0.2,0.2,0.2,0.2,0,0,0.2,0,0,0,0,0,0,0,0,0,0,0,0,0,0,1,0
0.1997,0.1997,0.1997,0.1997,0,0,0.1997,0,0,0,0.0016,0,0,0,0,0,0,0,0,0,0,1,1
0.198,0.198,0.198,0.198,0,0,0.198,0,0,0,0.0099,0,0,0,0,0,0,0,0,0,0,1,1
0.1923,0.1923,0.1923,0.1923,0,0,0.1923,0,0,0,0.0385,0,0,0,0,0,0,0,0,0,0,1,1
0.1887,0.1887,0.1887,0.1887,0,0,0.1887,0,0,0,0.0566,0,0,0,0,0,0,0,0,0,0,1,1
0.1818,0.1818,0.1818,0.1818,0,0,0.1818,0,0,0,0.0909,0,0,0,0,0,0,0,0,0,0,1,1
0.1667,0.1667,0.1667,0.3333,0,0,0.1667,0,0,0,0,0,0,0,0,0,0,0,0,0,1,0,0
0.1639,0.1639,0.1639,0.3443,0,0,0.1639,0,0,0,0,0,0,0,0,0,0,0,0,0,1,0,1
0.1613,0.1613,0.1613,0.3548,0,0,0.1613,0,0,0,0,0,0,0,0,0,0,0,0,0,1,0,1
0,0.34,0.34,0.06,0,0.06,0.2,0,0,0,0,0,0,0,0,0,0,0,0,0,1,0,1
0.0257,0.3162,0.3162,0.3162,0,0,0,0,0.0257,0,0,0,0,0,0,0,0,0,0,0,1,0,1
0.1489,0.2128,0.2128,0.2128,0,0,0.2128,0,0,0,0,0,0,0,0,0,0,0,0,0,1,1,1
0.1489,0.2128,0.2128,0.2128,0,0,0.2128,0,0,0,0,0,0,0,0,0,0,0,0,0,1,0,1
0,0.2439,0.2439,0.2439,0,0,0.2439,0,0,0,0.0244,0,0,0,0,0,0,0,0,0,1,0,1
0,0.2381,0.2381,0.2381,0,0,0.2381,0,0,0,0.0476,0,0,0,0,0,0,0,0,0,1,0,1
0,0.2326,0.2326,0.2326,0,0,0.2326,0,0,0,0.0698,0,0,0,0,0,0,0,0,0,1,0,1
0,0.2273,0.2273,0.2773,0,0,0.2273,0,0,0,0.0909,0,0,0,0,0,0,0,0,0,1,0,1
0,0.2222,0.2222,0.2222,0,0,0.2222,0,0,0,0.1111,0,0,0,0,0,0,0,0,0,1,0,1
0,0.1887,0.1887,0.3962,0,0,0.1887,0,0,0,0,0,0.0377,0,0,0,0,0,0,0,1,0,1
0,0.1887,0.1887,0.3962,0,0,0.1887,0,0,0,0,0,0.0377,0,0,0,0,0,0,0,1,0,1
0,0.1887,0.1887,0.3962,0,0,0.1887,0,0,0,0,0,0.0377,0,0,0,0,0,0,0,1,0,1
0.1304,0.2174,0.2174,0.2174,0,0,0.2174,0,0,0,0,0,0,0,0,0,0,0,0,0,1,1,0
0.0351,0.2632,0.1754,0.2623,0,0,0.1754,0,0.0877,0,0,0,0,0,0,0,0,0,0,0,1,0,0
0.0299,0.2239,0.1493,0.2239,0,0,0.1493,0,0.1493,0,0,0,0,0,0,0,0,0,0,0.0746,1,0,1
0.026,0.1948,0.1299,0.1948,0,0,0.1299,0,0.1948,0,0,0,0,0,0,0,0,0,0,0.1299,1,0,1
0.023,0.1724,0.1149,0.1724,0,0,0.1149,0,0.2299,0,0,0,0,0,0,0,0,0,0,0.1724,1,0,1
0.0206,0.1546,0.1031,0.1546,0,0,0.1031,0,0.2577,0,0,0,0,0,0,0,0,0,0,0.2062,1,0,1
0,0.3333,0,0.3333,0,0,0.3333,0,0,0,0,0,0,0,0,0,0,0,0,0,1,0,0
0,0.2,0.2,0.2,0,0.2,0,0,0,0.2,0,0,0,0,0,0,0,0,0,0,1,0,0
0.0909,0.2727,0.1818,0.2727,0,0,0.1818,0,0,0,0,0,0,0,0,0,0,0,0,0,1,0,0
0.0909,0.2727,0.1818,0.2727,0,0,0.1818,0,0,0,0,0,0,0,0,0,0,0,0,0,1,0,1
0,0,0,0,0,0,0,0.25,0,0,0,0,0.25,0,0,0.25,0,0.25,0,0,0,1,0
0.2,0,0,0,0,0,0.2,0.2,0,0,0,0,0.2,0,0,0.2,0,0,0,0,0,1,1
0.0244,0,0,0,0,0,0.2439,0.2439,0,0,0,0.2439,0.2439,0,0,0,0,0,0,0,0,1,0
0,0,0,0,0,0,0,0.1667,0.1667,0,0,0.1667,0.1667,0,0,0.1667,0,0.1667,0,0,0,1,1
0,0,0,0,0,0,0,0.1667,0.1667,0,0,0.1667,0.1667,0,0,0.1667,0,0.1667,0,0,0,1,1
0,0,0,0,0,0,0,0.1667,0.1667,0,0,0.1667,0.1667,0,0,0.1667,0,0.1667,0,0,0,1,1
0,0.2439,0.2439,0.2439,0,0,0.2439,0,0,0,0,0,0,0,0,0,0.0244,0,0,0,1,0,1
0,0.2381,0.2381,0.2381,0,0,0.2381,0,0,0,0,0,0,0,0,0,0.0476,0,0,0,1,0,1
0,0.2326,0.2326,0.2326,0,0,0.2326,0,0,0,0,0,0,0,0,0,0.0698,0,0,0,1,0,1
0,0.2273,0.2273,0.2273,0,0,0.2273,0,0,0,0,0,0,0,0,0,0.0909,0,0,0,1,0,1
0.1346,0.1923,0.1923,0.1923,0,0,0.1923,0,0,0.0962,0,0,0,0,0,0,0,0,0,0,1,1,0
0.1429,0.1905,0.1905,0.1905,0,0,0.1905,0,0,0.0952,0,0,0,0,0,0,0,0,0,0,1,1,0
0.1509,0.1887,0.1887,0.1887,0,0,0.1887,0,0,0.0943,0,0,0,0,0,0,0,0,0,0,1,1,0
0.1667,0.1852,0.1852,0.1852,0,0,0.1852,0,0,0.0926,0,0,0,0,0,0,0,0,0,0,1,1,0
0.2,0.2,0.2,0.2,0,0,0.2,0,0,0,0,0,0,0,0,0,0,0,0,0,0,1,0
0.1961,0.1961,0.1961,0.196,0,0,0.1961,0,0,0.0196,0,0,0,0,0,0,0,0,0,0,0,1,0
0.1818,0.1818,0.1818,0.1818,0,0,0.1818,0,0,0.0909,0,0,0,0,0,0,0,0,0,0,0,1,0
0.2381,0,0.2381,0.2381,0,0,0.2381,0,0.0476,0,0,0,0,0,0,0,0,0,0,0,0,1,1
0,0.2247,0.2247,0.2247,0,0,0.2247,0,0,0,0,0,0.1011,0,0,0,0,0,0,0,1,0,1
0,0.2273,0.2273,0.2273,0,0,0.2273,0,0,0,0,0,0,0,0,0.0909,0,0,0,0,1,0,1
0,0.2198,0.2198,0.2198,0,0,0.2198,0,0,0,0.1209,0,0,0,0,0,0,0,0,0,1,0,1
0,0.1786,0.1786,0.3571,0,0,0.1786,0,0,0,0.1071,0,0,0,0,0,0,0,0,0,1,0,1
0,0.1742,0.1742,0.3484,0,0,0.1742,0,0,0,0,0,0.1289,0,0,0,0,0,0,0,1,0,1
0,0.1802,0.1802,0.3604,0,0,0.1802,0,0,0,0,0,0,0,0,0,0.0991,0,0,0,1,0,1
0,0.177,0.177,0.354,0,0,0.177,0,0,0,0,0,0,0,0,0.115,0,0,0,0,1,0,1
0.1923,0.1923,0.1923,0.1923,0,0,0.1923,0,0,0,0,0.0385,0,0,0,0,0,0,0,0,0,1,0
0.1818,0.1818,0.1818,0.1818,0,0,0.1818,0,0,0,0,0.0909,0,0,0,0,0,0,0,0,0,1,0
0.1724,0.1724,0.1724,0.1724,0,0,0.1724,0,0,0,0,0.1379,0,0,0,0,0,0,0,0,0,1,0
0.1667,0.1667,0.1667,0.1667,0,0,0.1667,0,0,0,0,0.1667,0,0,0,0,0,0,0,0,0,1,0
0.1667,0.1667,0.1667,0.1667,0,0,0.1667,0,0,0.1667,0,0,0,0,0,0,0,0,0,0,1,1,0
0.1613,0.1613,0.1613,0.1613,0,0,0.1613,0.0323,0,0.1613,0,0,0,0,0,0,0,0,0,0,1,1,0
0.1563,0.1563,0.1563,0.1563,0,0,0.1563,0.0625,0,0.1563,0,0,0,0,0,0,0,0,0,0,0,1,1
0.1515,0.1515,0.1515,0.1515,0,0,0.1515,0.0909,0,0.1515,0,0,0,0,0,0,0,0,0,0,0,1,1
0.1471,0.1471,0.1471,0.1471,0,0,0.1471,0.1176,0,0.1471,0,0,0,0,0,0,0,0,0,0,0,1,1
0.1429,0.1429,0.1429,0.1429,0,0,0.1429,0.1429,0,0.1429,0,0,0,0,0,0,0,0,0,0,0,1,1
0.0909,0.1818,0.1818,0.1818,0,0,0.1818,0,0,0.1818,0,0,0,0,0,0,0,0,0,0,1,0,0
0.0877,0.1754,0.1754,0.1754,0,0,0.1754,0,0,0.1754,0,0,0,0,0,0,0,0,0.0351,0,1,0,1
0.082,0.1639,0.1639,0.1639,0,0,0.1639,0,0,0.1639,0,0,0,0,0,0,0,0,0.0984,0,1,0,1
0.0769,0.1538,0.1538,0.1538,0,0,0.1538,0,0,0.1538,0,0,0,0,0,0,0,0,0.1538,0,1,0,1
0.1667,0,0.1667,0.5,0,0,0.1667,0,0,0,0,0,0,0,0,0,0,0,0,0,1,0,1
0.1667,0.0333,0.1667,0.4667,0,0,0.1667,0,0,0,0,0,0,0,0,0,0,0,0,0,1,0,1
0.1667,0.0667,0.1667,0.4333,0,0,0.1667,0,0,0,0,0,0,0,0,0,0,0,0,0,1,0,1
0.1667,0.1,0.1667,0.4,0,0,0.1667,0,0,0,0,0,0,0,0,0,0,0,0,0,1,0,1
0.1667,0.1333,0.1667,0.3667,0,0,0.1667,0,0,0,0,0,0,0,0,0,0,0,0,0,1,0,1
0.1667,0.1667,0.1667,0.3333,0,0,0.1667,0,0,0,0,0,0,0,0,0,0,0,0,0,1,0,1
0,0.2941,0.2941,0.2941,0.0588,0,0,0,0,0.0588,0,0,0,0,0,0,0,0,0,0,1,0,0
0,0.2941,0.2941,0.2941,0.0588,0,0,0,0,0.0588,0,0,0,0,0,0,0,0,0,0,1,0,0
0.0714,0.2587,0.2857,0.2587,0,0.0714,0,0,0,0,0,0,0,0,0,0,0,0,0,0,1,0,0
0,0,0,0,0,0,0,0.2,0.2,0,0,0.2,0.2,0,0,0.2,0,0,0,0,0,1,1
0.0385,0,0,0,0,0,0,0.1923,0.1923,0,0,0.1923,0.1923,0,0,0.1923,0,0,0,0,0,1,1
0.0741,0,0,0,0,0,0,0.1852,0.1852,0,0,0.1852,0.1852,0,0,0.1852,0,0,0,0,0,1,1
0.1071,0,0,0,0,0,0,0.1786,0.1786,0,0,0.1786,0.1786,0,0,0.1786,0,0,0,0,0,1,1
0.1667,0,0,0,0,0,0,0.1667,0.1667,0,0,0.1667,0.1667,0,0,0.1667,0,0,0,0,0,1,1
0,0,0,0,0,0,0,0.25,0.25,0,0,0.25,0.25,0,0,0,0,0,0,0,0,1,0
0,0,0,0,0.0244,0,0,0.2439,0.2439,0,0,0.2439,0.2439,0,0,0,0,0,0,0,0,1,0
0,0,0,0,0.0476,0,0,0.2381,0.2381,0,0,0.2381,0.2381,0,0,0,0,0,0,0,0,1,0
0,0,0,0,0.0698,0,0,0.2326,0.2326,0,0,0.2326,0.2326,0,0,0,0,0,0,0,0,1,1
0,0,0,0,0.0909,0,0,0.2273,0.2273,0,0,0.2273,0.2273,0,0,0,0,0,0,0,0,1,1
0,0.2353,0.0588,0.2353,0,0.2353,0.2353,0,0,0,0,0,0,0,0,0,0,0,0,0,1,0,0
0,0.1818,0.2727,0.1818,0,0.1818,0.1818,0,0,0,0,0,0,0,0,0,0,0,0,0,1,0,1
0,0,0,0.348,0,0,0,0,0.28,0.14,0,0,0.232,0,0,0,0,0,0,0,0,0,1
0,0,0,0.33,0,0,0,0,0.3,0.15,0,0,0.22,0,0,0,0,0,0,0,0,0,1
0,0,0,0.312,0,0,0,0,0.32,0.16,0,0,0.2008,0,0,0,0,0,0,0,0,1,1
0,0.25,0.25,0.25,0,0,0.25,0,0,0,0,0,0,0,0,0,0,0,0,0,1,0,0
0,0.2381,0.2381,0.2381,0,0,0.2381,0,0,0,0,0,0,0,0,0,0,0.0476,0,0,1,0,0
0,0.2273,0.2273,0.2273,0,0,0.2273,0,0,0,0,0,0,0,0,0,0,0.0909,0,0,1,0,1
0,0.2174,0.2174,0.2174,0,0,0.2174,0,0,0,0,0,0,0,0,0,0,0.1304,0,0,1,0,1
0,0.25,0.25,0.25,0,0,0.25,0,0,0,0,0,0,0,0,0,0,0,0,0,1,0,0
0,0.2381,0.2381,0.2381,0,0,0.2381,0,0,0,0,0,0,0,0,0,0,0.0476,0,0,1,0,0
0,0.2273,0.2273,0.2273,0,0,0.2273,0,0,0,0,0,0,0,0,0,0,0.0909,0,0,1,0,1
0,0.2174,0.2174,0.2174,0,0,0.2174,0,0,0,0,0,0,0,0,0,0,0.1304,0,0,1,0,1
0.016,0,0,0,0,0,0,0.057,0.3556,0,0.4609,0,0.1104,0,0,0,0,0,0,0,0,1,0
0.016,0,0,0,0,0,0,0.057,0.3556,0,0.4609,0,0.1104,0,0,0,0,0,0,0,0,1,0
0.019,0.1895,0.1895,0.398,0,0,0.1895,0,0,0,0,0,0,0,0,0.0144,0,0,0,0,1,0,1
0.0533,0.1777,0.1777,0.3731,0,0,0.1777,0,0,0,0,0,0,0,0,0.0405,0,0,0,0,1,0,1
0.0836,0.1672,0.1672,0.3512,0,0,0.1672,0,0,0,0,0,0,0,0,0.0635,0,0,0,0,1,0,1
0.1105,0.1579,0.1579,0.3316,0,0,0.1579,0,0,0,0,0,0,0,0,0.084,0,0,0,0,1,0,1
0.1458,0.1458,0.1458,0.3061,0,0,0.1458,0,0,0,0,0,0,0,0,0.1108,0,0,0,0,1,0,1
0.1938,0.1292,0.1292,0.2713,0,0,0.1292,0,0,0,0,0,0,0,0,0.1473,0,0,0,0,0,0,1
0.15,0,0,0,0,0,0,0,0.4,0,0,0,0.3,0,0,0,0.15,0,0,0,0,1,1
0.15,0,0,0,0,0,0,0,0.4,0,0,0,0.3,0,0,0,0.15,0,0,0,0,0,1
0,0.1,0.5,0,0,0.3,0.1,0,0,0,0,0,0,0,0,0,0,0,0,0,1,0,1
0,0.0995,0.4975,0,0,0.2985,0.0995,0,0,0,0,0,0,0,0,0,0,0,0,0.005,1,0,1
0,0.099,0.495,0,0,0.297,0.099,0,0,0,0,0,0,0,0,0,0,0,0,0.01,1,0,1
0,0.098,0.49,0,0,0.294,0.098,0,0,0,0,0,0,0,0,0,0,0,0,0.02,1,0,0
0,0.096,0.48,0,0,0.288,0.096,0,0,0,0,0,0,0,0,0,0,0,0,0.04,1,0,0
0,0.094,0.47,0,0,0.282,0.094,0,0,0,0,0,0,0,0,0,0,0,0,0.06,1,0,0
0,0.2,0.2,0.2,0,0.2,0.2,0,0,0,0,0,0,0,0,0,0,0,0,0,1,0,0
0,0.1923,0.1923,0.1923,0,0.1923,0.1923,0,0.0385,0,0,0,0,0,0,0,0,0,0,0,1,0,0
0.017,0.251,0.233,0.226,0,0,0.188,0,0,0,0,0,0,0,0,0.085,0,0,0,0,1,0,1
0.017,0.251,0.233,0.226,0,0,0.188,0,0,0,0,0,0,0,0,0.085,0,0,0,0,1,0,1
0,0.3333,0,0.3333,0,0,0.3333,0,0,0,0,0,0,0,0,0,0,0,0,0,1,0,0
0,0.3333,0,0.3333,0,0,0.3333,0,0,0,0,0,0,0,0,0,0,0,0,0,1,0,0
0,0.3333,0,0.3333,0,0,0.3333,0,0,0,0,0,0,0,0,0,0,0,0,0,1,0,0
0.03,0.3233,0,0.3233,0,0,0.3233,0,0,0,0,0,0,0,0,0,0,0,0,0,1,0,0
0.03,0.3233,0,0.3233,0,0,0.3233,0,0,0,0,0,0,0,0,0,0,0,0,0,1,0,0
0.03,0.3233,0,0.3233,0,0,0.3233,0,0,0,0,0,0,0,0,0,0,0,0,0,1,0,0
0,0.3233,0,0.3233,0,0,0.3233,0.03,0,0,0,0,0,0,0,0,0,0,0,0,1,0,0
0,0.3233,0,0.3233,0,0,0.3233,0.03,0,0,0,0,0,0,0,0,0,0,0,0,1,0,0
0,0.3233,0,0.3233,0,0,0.3233,0.03,0,0,0,0,0,0,0,0,0,0,0,0,1,0,0
0.1639,0.1639,0.1639,0.3443,0,0,0.1639,0,0,0,0,0,0,0,0,0,0,0,0,0,1,0,1
0.1639,0.1639,0.1639,0.3443,0,0,0.1639,0,0,0,0,0,0,0,0,0,0,0,0,0,1,0,1
0.1639,0.1639,0.1639,0.3443,0,0,0.1639,0,0,0,0,0,0,0,0,0,0,0,0,0,1,1,0
0.1639,0.1639,0.1639,0.3443,0,0,0.1639,0,0,0,0,0,0,0,0,0,0,0,0,0,1,1,0
0.1,0.25,0.25,0.25,0,0,0,0,0.15,0,0,0,0,0,0,0,0,0,0,0,0,0,1
0.1,0.25,0.25,0.25,0,0,0,0,0.15,0,0,0,0,0,0,0,0,0,0,0,0,0,1
0,0.2,0.2,0.2,0,0,0.2,0,0,0,0,0,0.2,0,0,0,0,0,0,0,1,0,1
0,0.2,0.2,0.2,0,0,0.2,0,0,0,0,0,0.2,0,0,0,0,0,0,0,1,0,1
0,0,0.35,0.25,0,0,0.25,0.15,0,0,0,0,0,0,0,0,0,0,0,0,1,0,1
0,0.2222,0.2222,0.2222,0,0,0.2222,0,0,0,0,0,0,0,0,0,0.1111,0,0,0,1,0,1
0,0.2174,0.2174,0.2174,0,0,0.2174,0,0,0,0,0,0,0,0,0,0.1304,0,0,0,1,0,1
0.1053,0.1754,0.1754,0.3684,0,0,0.1754,0,0,0,0,0,0,0,0,0,0,0,0,0,1,0,1
0.1207,0.1724,0.1724,0.3621,0,0,0.1724,0,0,0,0,0,0,0,0,0,0,0,0,0,1,0,1
0.1429,0.1681,0.1681,0.3529,0,0,0.1681,0,0,0,0,0,0,0,0,0,0,0,0,0,1,0,1
0.1639,0.1639,0.1639,0.3443,0,0,0.1639,0,0,0,0,0,0,0,0,0,0,0,0,0,1,0,1
0.1774,0.1613,0.1613,0.3387,0,0,0.1613,0,0,0,0,0,0,0,0,0,0,0,0,0,0,0,1
0.06,0.3,0.13,0.289,0,0,0.15,0,0.06,0,0,0,0,0,0,0,0,0,0.001,0,1,0,1
0.06,0.3,0.13,0.289,0,0,0.15,0,0.06,0,0,0,0,0,0,0,0,0,0.001,0,1,0,1
0.06,0.3,0.13,0.289,0,0,0.15,0,0.06,0,0,0,0,0,0,0,0,0,0.001,0,1,0,1
0,0,0,0,0,0,0,0,0.25,0,0.25,0.25,0.25,0,0,0,0,0,0,0,0,1,0
0,0,0,0,0,0,0,0,0.2857,0,0.2857,0.2857,0.1429,0,0,0,0,0,0,0,0,1,0
0,0,0,0,0,0,0,0,0.3333,0,0.3333,0.3333,0,0,0,0,0,0,0,0,0,1,0
0.098,0,0.1961,0.4902,0,0,0.1765,0,0,0,0,0.0392,0,0,0,0,0,0,0,0,1,1,1
0,0.2,0.2,0.2,0,0.2,0.2,0,0,0,0,0,0,0,0,0,0,0,0,0,1,0,0
0,0.2,0.2,0.2,0,0.2,0.2,0,0,0,0,0,0,0,0,0,0,0,0,0,1,0,0
0,0.2,0.2,0.2,0,0.2,0.2,0,0,0,0,0,0,0,0,0,0,0,0,0,1,0,0
0,0.2,0.2,0.2,0,0.2,0.2,0,0,0,0,0,0,0,0,0,0,0,0,0,1,0,0
0,0.2,0.2,0.2,0,0.2,0.2,0,0,0,0,0,0,0,0,0,0,0,0,0,1,0,0
0,0.2,0.2,0.2,0,0.2,0.2,0,0,0,0,0,0,0,0,0,0,0,0,0,1,0,0
0,0.2273,0.2273,0.2273,0,0,0.2273,0,0,0,0,0,0,0,0,0,0.0909,0,0,0,1,0,1
0,0.2412,0.2136,0.2538,0,0,0.191,0,0,0,0,0,0,0,0,0,0.1005,0,0,0,1,0,1
0,0.2415,0.2293,0.261,0,0,0.1707,0,0,0,0,0,0,0,0,0,0.0976,0,0,0,1,0,1
0.0527,0.1882,0.1947,0.1837,0,0.2012,0.1795,0,0,0,0,0,0,0,0,0,0,0,0,0,1,0,0
0.0527,0.1882,0.1947,0.1837,0,0.2012,0.1795,0,0,0,0,0,0,0,0,0,0,0,0,0,1,0,0
0.0527,0.1882,0.1947,0.1837,0,0.2012,0.1795,0,0,0,0,0,0,0,0,0,0,0,0,0,1,0,0
0.0527,0.1882,0.1947,0.1837,0,0.2012,0.1795,0,0,0,0,0,0,0,0,0,0,0,0,0,1,0,1
0.0527,0.1882,0.1947,0.1837,0,0.2012,0.1795,0,0,0,0,0,0,0,0,0,0,0,0,0,1,0,1
0.0527,0.1882,0.1947,0.1837,0,0.2012,0.1795,0,0,0,0,0,0,0,0,0,0,0,0,0,1,0,1
0.0527,0.1882,0.1947,0.1837,0,0.2012,0.1795,0,0,0,0,0,0,0,0,0,0,0,0,0,1,0,1
0.0527,0.1882,0.1947,0.1837,0,0.2012,0.1795,0,0,0,0,0,0,0,0,0,0,0,0,0,1,0,0
0.0527,0.1882,0.1947,0.1837,0,0.2012,0.1795,0,0,0,0,0,0,0,0,0,0,0,0,0,1,0,0
0,0,0,0,0.6667,0,0.0667,0.0667,0,0,0,0,0.0667,0,0,0.0667,0,0.0667,0,0,0,0,1
0.178,0,0.214,0.225,0,0.168,0.215,0,0,0,0,0,0,0,0,0,0,0,0,0,0,1,1
0.409,0.146,0.147,0.148,0,0,0.15,0,0,0,0,0,0,0,0,0,0,0,0,0,0,1,1
0.401,0.147,0.153,0.147,0,0,0.152,0,0,0,0,0,0,0,0,0,0,0,0,0,0,1,1
0.381,0.156,0.155,0.152,0,0,0.156,0,0,0,0,0,0,0,0,0,0,0,0,0,0,1,1
0.388,0.155,0.156,0.152,0,0,0.149,0,0,0,0,0,0,0,0,0,0,0,0,0,0,1,1
0.15,0,0,0,0,0,0.2833,0.2833,0.2833,0,0,0,0,0,0,0,0,0,0,0,0,1,1
0.1,0,0,0,0,0,0.3,0.3,0.2,0,0,0,0,0,0,0,0,0,0,0,0,1,1
0.05,0,0,0,0,0,0.3166,0.3166,0.3166,0,0,0,0,0,0,0,0,0,0,0,0,1,1
0.03,0,0,0,0,0,0.3233,0.3233,0.3233,0,0,0,0,0,0,0,0,0,0,0,0,1,1
0,0,0,0,0,0,0,0.25,0,0,0,0,0.25,0,0,0.25,0,0.25,0,0,1,1,0
0,0,0,0,0,0,0,0.25,0,0,0,0,0.25,0,0,0.25,0,0.25,0,0,1,1,0
0,0,0,0,0,0,0,0.25,0,0,0,0,0.25,0,0,0.25,0,0.25,0,0,1,1,0
0,0,0,0,0,0,0,0.25,0,0,0,0,0.25,0,0,0.25,0,0.25,0,0,1,1,0
0.1304,0.1739,0.1739,0.1739,0,0.1739,0.1739,0,0,0,0,0,0,0,0,0,0,0,0,0,1,1,1
0.2,0.2,0,0.4,0,0,0.2,0,0,0,0,0,0,0,0,0,0,0,0,0,1,1,1
0.18,0.2,0,0.42,0,0,0.2,0,0,0,0,0,0,0,0,0,0,0,0,0,1,1,1
0.16,0.2,0,0.44,0,0,0.2,0,0,0,0,0,0,0,0,0,0,0,0,0,1,1,1
0.14,0.2,0,0.46,0,0,0.2,0,0,0,0,0,0,0,0,0,0,0,0,0,1,1,1
0,0,0,0,0,0,0,0.2353,0.2353,0,0,0.2353,0.2353,0,0,0.0588,0,0,0,0,0,1,1
0,0,0,0,0,0,0,0.2222,0.2222,0,0,0.2222,0.2222,0,0,0.1111,0,0,0,0,0,1,1
0,0,0,0,0,0,0,0.2105,0.2105,0,0,0.2105,0.2105,0,0,0.1579,0,0,0,0,0,1,1
0,0,0,0,0,0,0,0.2,0.2,0,0,0.2,0.2,0,0,0.2,0,0,0,0,0,1,1
0,0.25,0.25,0.25,0,0,0.25,0,0,0,0,0,0,0,0,0,0,0,0,0,1,0,0
0,0.2437,0.2437,0.2437,0,0,0.2437,0,0,0,0,0,0.0252,0,0,0,0,0,0,0,1,0,0
0,0.2407,0.2407,0.2407,0,0,0.2407,0,0,0,0,0,0.0372,0,0,0,0,0,0,0,1,0,0
0,0.2378,0.2378,0.2378,0,0,0.2378,0,0,0,0,0,0.0488,0,0,0,0,0,0,0,1,0,0
0,0.2321,0.2321,0.2321,0,0,0.2321,0,0,0,0,0,0.0716,0,0,0,0,0,0,0,1,0,0
0,0.2267,0.2267,0.2267,0,0,0.2267,0,0,0,0,0,0.0932,0,0,0,0,0,0,0,1,0,0
0,0.2447,0.2509,0.244,0,0,0.2605,0,0,0,0,0,0,0,0,0,0,0,0,0,1,0,0
0.0588,0.2321,0.2382,0.2259,0,0,0.2449,0,0,0,0,0,0,0,0,0,0,0,0,0,1,0,0
0.0803,0.2263,0.2322,0.2269,0,0,0.2344,0,0,0,0,0,0,0,0,0,0,0,0,0,1,0,0
0.121,0.2263,0.2166,0.2206,0,0,0.2155,0,0,0,0,0,0,0,0,0,0,0,0,0,1,1,0
0.1566,0.2119,0.2092,0.2069,0,0,0.2154,0,0,0,0,0,0,0,0,0,0,0,0,0,1,1,0
0.1733,0.2115,0.2018,0.2043,0,0,0.2093,0,0,0,0,0,0,0,0,0,0,0,0,0,1,1,0
0.2012,0.1958,0.2033,0.1927,0,0,0.207,0,0,0,0,0,0,0,0,0,0,0,0,0,1,1,0
0.2553,0.1924,0.1911,0.1906,0,0,0.1906,0,0,0,0,0,0,0,0,0,0,0,0,0,0,1,0
0.2744,0.1869,0.1795,0.1766,0,0,0.1826,0,0,0,0,0,0,0,0,0,0,0,0,0,0,1,0
0.3013,0.1765,0.1729,0.1697,0,0,0.1796,0,0,0,0,0,0,0,0,0,0,0,0,0,0,1,0
0,0.2,0.2,0.2,0,0,0.2,0,0.2,0,0,0,0,0,0,0,0,0,0,0,1,0,0
0.0909,0.1818,0.1818,0.1818,0,0,0.1818,0,0.1818,0,0,0,0,0,0,0,0,0,0,0,0,1,1
0.1667,0.1667,0.1667,0.1667,0,0,0.1667,0,0.1667,0,0,0,0,0,0,0,0,0,0,0,0,1,1
0.2308,0.1538,0.1538,0.1538,0,0,0.1538,0,0.1538,0,0,0,0,0,0,0,0,0,0,0,0,1,0
0.2857,0.1429,0.1429,0.1429,0,0,0.1429,0,0.1429,0,0,0,0,0,0,0,0,0,0,0,0,1,0
0.2,0.1,0.2,0,0,0,0.2,0.1,0,0,0,0,0,0,0,0,0,0,0,0,0,1,1
0.2222,0.2222,0.2222,0,0,0,0.2222,0.1111,0,0,0,0,0,0,0,0,0,0,0,0,0,1,1
0.2,0.3,0.2,0,0,0,0.2,0.1,0,0,0,0,0,0,0,0,0,0,0,0,0,1,1
0.1818,0.3636,0.1818,0,0,0,0.1818,0.0909,0,0,0,0,0,0,0,0,0,0,0,0,1,1,1
0.222,0.222,0.222,0,0,0,0.222,0.112,0,0,0,0,0,0,0,0,0,0,0,0,0,1,1
0.2,0.2,0.2,0.1,0,0,0.2,0.1,0,0,0,0,0,0,0,0,0,0,0,0,0,1,1
0.182,0.182,0.182,0.09,0,0,0.182,0.182,0,0,0,0,0,0,0,0,0,0,0,0,0,1,1
0.167,0.167,0.167,0.082,0,0,0.167,0.25,0,0,0,0,0,0,0,0,0,0,0,0,1,1,1
0.192,0.192,0.192,0.192,0.038,0,0.192,0,0,0,0,0,0,0,0,0,0,0,0,0,0,1,0
0.185,0.185,0.185,0.185,0.074,0,0.185,0,0,0,0,0,0,0,0,0,0,0,0,0,0,1,0
0.178,0.178,0.178,0.178,0.107,0,0.178,0,0,0,0,0,0,0,0,0,0,0,0,0,0,1,0
0.172,0.172,0.172,0.172,0.138,0,0.172,0,0,0,0,0,0,0,0,0,0,0,0,0,0,1,1
0.166,0.166,0.166,0.166,0.166,0,0.166,0,0,0,0,0,0,0,0,0,0,0,0,0,0,1,1
0,0.193,0.194,0.193,0,0.207,0.213,0,0,0,0,0,0,0,0,0,0,0,0,0,1,0,0
0.024,0.193,0.195,0.182,0,0.197,0.209,0,0,0,0,0,0,0,0,0,0,0,0,0,1,0,0
0.046,0.193,0.191,0.18,0,0.181,0.209,0,0,0,0,0,0,0,0,0,0,0,0,0,1,0,0
0.076,0.182,0.183,0.177,0,0.182,0.2,0,0,0,0,0,0,0,0,0,0,0,0,0,1,0,0
0.093,0.18,0.175,0.178,0,0.184,0.19,0,0,0,0,0,0,0,0,0,0,0,0,0,1,1,0
0.104,0.176,0.174,0.176,0,0.18,0.19,0,0,0,0,0,0,0,0,0,0,0,0,0,1,1,0
0.119,0.171,0.176,0.176,0,0.179,0.179,0,0,0,0,0,0,0,0,0,0,0,0,0,1,1,0
0.131,0.17,0.172,0.172,0,0.173,0.182,0,0,0,0,0,0,0,0,0,0,0,0,0,1,1,0
0.12,0.176,0.176,0.176,0,0.176,0.176,0,0,0,0,0,0,0,0,0,0,0,0,0,1,1,0
0.13,0.174,0.174,0.174,0,0.174,0.174,0,0,0,0,0,0,0,0,0,0,0,0,0,1,1,0
0.14,0.169,0.168,0.172,0,0.172,0.179,0,0,0,0,0,0,0,0,0,0,0,0,0,1,1,0
0.15,0.17,0.17,0.17,0,0.17,0.17,0,0,0,0,0,0,0,0,0,0,0,0,0,1,1,0
0.16,0.168,0.168,0.168,0,0.168,0.168,0,0,0,0,0,0,0,0,0,0,0,0,0,1,1,0
0.213,0.154,0.155,0.155,0,0.159,0.164,0,0,0,0,0,0,0,0,0,0,0,0,0,0,1,0
0,0.2,0.2,0.2,0,0,0.2,0,0,0.2,0,0,0,0,0,0,0,0,0,0,1,0,0
0.1,0.18,0.18,0.18,0,0,0.18,0,0,0.18,0,0,0,0,0,0,0,0,0,0,1,0,0
0.167,0.167,0.167,0.167,0,0,0.167,0,0,0.167,0,0,0,0,0,0,0,0,0,0,1,1,0
0.2308,0.15384,0.15384,0.15384,0,0,0.15384,0,0,0.15384,0,0,0,0,0,0,0,0,0,0,1,1,0
0.285,0.143,0.143,0.143,0,0,0.143,0,0,0.143,0,0,0,0,0,0,0,0,0,0,1,1,0
0.335,0.133,0.133,0.133,0,0,0.133,0,0,0.133,0,0,0,0,0,0,0,0,0,0,1,1,0
0.375,0.125,0.125,0.125,0,0,0.125,0,0,0.125,0,0,0,0,0,0,0,0,0,0,0,1,0
0.167,0.167,0,0.167,0,0,0.167,0,0.167,0.167,0,0,0,0,0,0,0,0,0,0,0,0,1
0,0.2,0.2,0.2,0,0.2,0,0,0,0.2,0,0,0,0,0,0,0,0,0,0,1,0,0
0,0.198808,0.198808,0.198808,0,0.198808,0,0,0,0.198808,0,0,0,0.00596,0,0,0,0,0,0,1,0,0
0,0.198,0.198,0.198,0,0.198,0,0,0,0.198,0,0,0,0.01,0,0,0,0,0,0,1,0,1
0,0.1969,0.1969,0.1969,0,0.1969,0,0,0,0.1969,0,0,0,0.0155,0,0,0,0,0,0,1,0,1
0,0.1961,0.1961,0.1961,0,0.1961,0,0,0,0.1961,0,0,0,0.0195,0,0,0,0,0,0,1,0,1
0,0.1923,0.1923,0.1923,0,0.1923,0,0,0,0.1923,0,0,0,0.0385,0,0,0,0,0,0,1,0,1
0.2174,0,0.2174,0.1304,0,0,0.2174,0,0,0.2174,0,0,0,0,0,0,0,0,0,0,1,1,1
0.2083,0,0.2083,0.1668,0,0,0.2083,0,0,0.2083,0,0,0,0,0,0,0,0,0,0,1,1,1
0.2,0,0.2,0.2,0,0,0.2,0,0,0.2,0,0,0,0,0,0,0,0,0,0,1,1,1
0.1923,0,0.1923,0.2308,0,0,0.1923,0,0,0.1923,0,0,0,0,0,0,0,0,0,0,1,1,0
0.1852,0,0.1852,0.2592,0,0,0.1852,0,0,0.1852,0,0,0,0,0,0,0,0,0,0,1,1,0
0.25,0,0,0.25,0,0,0,0,0.25,0.25,0,0,0,0,0,0,0,0,0,0,1,0,0
0.225,0,0.15,0.2,0,0,0,0,0.225,0.2,0,0,0,0,0,0,0,0,0,0,1,0,1
0.2,0,0.2,0.2,0,0,0,0,0.2,0.2,0,0,0,0,0,0,0,0,0,0,1,0,1
0.25,0,0,0.25,0,0,0,0,0.25,0.25,0,0,0,0,0,0,0,0,0,0,1,0,0
0.225,0,0.15,0.2,0,0,0,0,0.225,0.2,0,0,0,0,0,0,0,0,0,0,1,0,1
0.2,0,0.2,0.2,0,0,0,0,0.2,0.2,0,0,0,0,0,0,0,0,0,0,1,0,1
0.25,0,0,0.25,0,0,0,0,0.25,0.25,0,0,0,0,0,0,0,0,0,0,1,0,0
0.225,0,0.15,0.2,0,0,0,0,0.225,0.2,0,0,0,0,0,0,0,0,0,0,1,0,1
0.2,0,0.2,0.2,0,0,0,0,0.2,0.2,0,0,0,0,0,0,0,0,0,0,1,0,1
0.25,0,0,0.25,0,0,0,0,0.25,0.25,0,0,0,0,0,0,0,0,0,0,1,0,0
0.225,0,0.15,0.2,0,0,0,0,0.225,0.2,0,0,0,0,0,0,0,0,0,0,1,0,1
0.2,0,0.2,0.2,0,0,0,0,0.2,0.2,0,0,0,0,0,0,0,0,0,0,1,0,1
0,0,0,0,0,0,0.1839,0.1004,0.194,0,0.1848,0,0.2184,0,0,0.1186,0,0,0,0,0,1,1
0,0,0,0,0,0,0.1839,0.1004,0.194,0,0.1848,0,0.2184,0,0,0.1186,0,0,0,0,0,1,1
0,0,0,0,0,0,0.1839,0.1004,0.194,0,0.1848,0,0.2184,0,0,0.1186,0,0,0,0,0,1,1
0,0,0,0,0,0,0.1839,0.1004,0.194,0,0.1848,0,0.2184,0,0,0.1186,0,0,0,0,0,1,1
0,0,0,0,0,0,0,0,0.245,0,0.242,0.23,0.283,0,0,0,0,0,0,0,0,0,0
0,0,0,0,0,0,0.246,0,0.239,0,0.248,0,0.267,0,0,0,0,0,0,0,0,1,1
0,0,0,0,0,0,0.202,0,0.199,0,0.203,0.196,0.2,0,0,0,0,0,0,0,0,1,1
0,0,0,0,0,0,0,0,0.245,0,0.242,0.23,0.283,0,0,0,0,0,0,0,0,0,0
0,0,0,0,0,0,0.246,0,0.239,0,0.248,0,0.267,0,0,0,0,0,0,0,0,1,1
0,0,0,0,0,0,0.202,0,0.199,0,0.203,0.196,0.2,0,0,0,0,0,0,0,0,1,1
0,0,0,0,0,0,0,0,0.245,0,0.242,0.23,0.283,0,0,0,0,0,0,0,0,0,0
0,0,0,0,0,0,0.246,0,0.239,0,0.248,0,0.267,0,0,0,0,0,0,0,0,1,1
0,0,0,0,0,0,0.202,0,0.199,0,0.203,0.196,0.2,0,0,0,0,0,0,0,0,1,1
0,0,0,0,0,0,0,0,0.245,0,0.242,0.23,0.283,0,0,0,0,0,0,0,0,0,0
0,0,0,0,0,0,0.246,0,0.239,0,0.248,0,0.267,0,0,0,0,0,0,0,0,1,1
0,0,0,0,0,0,0.202,0,0.199,0,0.203,0.196,0.2,0,0,0,0,0,0,0,0,1,1
0,0,0,0,0,0,0,0.2,0.2,0,0.2,0,0.2,0,0,0,0.2,0,0,0,0,1,0
0,0,0,0,0,0,0,0.2,0.2,0,0.2,0,0.2,0,0,0,0.2,0,0,0,0,1,0
0,0,0,0,0,0,0,0.2,0.2,0,0.2,0,0.2,0,0,0,0.2,0,0,0,0,1,0
0,0,0,0,0,0,0,0.2,0.2,0,0.2,0,0.2,0,0,0,0.2,0,0,0,0,1,0
0,0,0,0,0,0,0,0.2,0.2,0,0.2,0,0.2,0,0,0,0.2,0,0,0,0,1,0
0,0,0,0,0,0,0,0.2,0.2,0,0.2,0,0.2,0,0,0,0.2,0,0,0,0,1,0
0,0,0,0,0,0,0,0,0.375,0,0.25,0,0.125,0,0,0.125,0.125,0,0,0,0,1,0
0,0,0,0,0,0,0,0,0.2,0,0.2,0,0.2,0,0,0.2,0.2,0,0,0,0,1,0
0.07,0,0.35,0.114,0,0.233,0.233,0,0,0,0,0,0,0,0,0,0,0,0,0,1,1,0
0.111,0,0.333,0.112,0,0.222,0.222,0,0,0,0,0,0,0,0,0,0,0,0,0,0,1,0
0.07,0,0.35,0.114,0,0.233,0.233,0,0,0,0,0,0,0,0,0,0,0,0,0,1,1,0
0.111,0,0.333,0.112,0,0.222,0.222,0,0,0,0,0,0,0,0,0,0,0,0,0,0,1,0
0,0.2,0.2,0.2,0,0,0.2,0,0,0,0,0,0.2,0,0,0,0,0,0,0,1,0,1
0,0.2,0.2,0.2,0,0,0.2,0,0,0,0,0,0.2,0,0,0,0,0,0,0,1,0,1
0,0.2,0.2,0.2,0,0,0.2,0,0,0,0,0,0.2,0,0,0,0,0,0,0,1,0,1
0,0.2083,0.2083,0.2083,0,0,0.2083,0,0,0,0,0,0.1667,0,0,0,0,0,0,0,1,0,1
0,0.222,0.222,0.222,0,0,0.222,0,0,0,0,0,0.111,0,0,0,0,0,0,0,1,0,1
0,0.2353,0.2353,0.2353,0,0,0.2353,0,0,0,0,0,0.0588,0,0,0,0,0,0,0,1,0,1
0,0.244,0.244,0.244,0,0,0.244,0,0,0,0,0,0.0244,0,0,0,0,0,0,0,1,0,1
0.2174,0.2174,0.2174,0,0,0.109,0.2174,0.02174,0,0,0,0,0,0,0,0,0,0,0,0,1,1,0
0,0,0,0,0,0,0,0.25,0,0,0,0,0.25,0,0,0.25,0,0.25,0,0,0,1,0
0,0,0,0,0,0,0,0.25,0,0,0,0,0.25,0,0,0.25,0,0.25,0,0,0,1,0
0,0,0,0,0,0,0,0.25,0,0,0,0,0.25,0,0,0.25,0,0.25,0,0,0,1,0
0,0,0,0,0,0,0,0.25,0,0,0,0,0.25,0,0,0.25,0,0.25,0,0,0,1,0
0,0,0,0,0,0,0,0.25,0,0,0,0,0.25,0,0,0.25,0,0.25,0,0,0,1,0
0,0,0,0,0,0,0,0.25,0,0,0,0,0.25,0,0,0.25,0,0.25,0,0,0,1,0
0,0,0,0,0,0,0,0.25,0,0,0,0,0.25,0,0,0.25,0,0.25,0,0,0,1,0
0,0,0,0,0,0,0,0.2,0,0,0,0.2,0.2,0,0,0.2,0,0.2,0,0,0,1,0
0,0,0,0,0,0,0,0.2,0,0,0,0.2,0.2,0,0,0.2,0,0.2,0,0,0,1,0
0,0,0,0,0,0,0,0.2,0,0,0,0.2,0.2,0,0,0.2,0,0.2,0,0,0,1,0
0,0,0,0,0,0,0,0.2,0,0,0,0.2,0.2,0,0,0.2,0,0.2,0,0,0,1,0
0,0,0,0,0,0,0,0.2,0,0,0,0.2,0.2,0,0,0.2,0,0.2,0,0,0,1,0
0,0,0,0,0,0,0,0.2,0,0,0,0.2,0.2,0,0,0.2,0,0.2,0,0,0,1,0
0,0,0,0,0,0,0,0.2,0,0,0,0.2,0.2,0,0,0.2,0,0.2,0,0,0,1,0
0.2,0.2,0.2,0.2,0,0,0.2,0,0,0,0,0,0,0,0,0,0,0,0,0,0,1,0
0.15,0,0.4,0.1,0.1,0.14,0.1,0,0,0,0,0,0,0,0,0,0,0,0,0.01,1,0,0
0.1,0,0.36,0.15,0,0.21,0.18,0,0,0,0,0,0,0,0,0,0,0,0,0,0,1,1
0.1,0,0.36,0.15,0,0.21,0.18,0,0,0,0,0,0,0,0,0,0,0,0,0,0,1,1
0.1,0,0.36,0.15,0,0.21,0.18,0,0,0,0,0,0,0,0,0,0,0,0,0,0,1,1
0.1,0,0.36,0.15,0,0.21,0.18,0,0,0,0,0,0,0,0,0,0,0,0,0,0,1,1
0.1,0,0.36,0.15,0,0.21,0.18,0,0,0,0,0,0,0,0,0,0,0,0,0,0,1,1
0.1,0,0.36,0.15,0,0.21,0.18,0,0,0,0,0,0,0,0,0,0,0,0,0,0,1,1
0.1,0,0.36,0.15,0,0.21,0.18,0,0,0,0,0,0,0,0,0,0,0,0,0,0,1,1
0.1,0,0.36,0.15,0,0.21,0.18,0,0,0,0,0,0,0,0,0,0,0,0,0,0,1,1
0.1,0,0.36,0.15,0,0.21,0.18,0,0,0,0,0,0,0,0,0,0,0,0,0,0,1,1
0.1,0,0.36,0.15,0,0.21,0.18,0,0,0,0,0,0,0,0,0,0,0,0,0,1,1,1
0.123,0.175,0.352,0.175,0,0,0.175,0,0,0,0,0,0,0,0,0,0,0,0,0,0,1,1
0.123,0.175,0.352,0.175,0,0,0.175,0,0,0,0,0,0,0,0,0,0,0,0,0,0,1,1
0.123,0.175,0.352,0.175,0,0,0.175,0,0,0,0,0,0,0,0,0,0,0,0,0,0,1,1
0.123,0.175,0.352,0.175,0,0,0.175,0,0,0,0,0,0,0,0,0,0,0,0,0,0,1,1
0.0938,0.2266,0.2266,0.2266,0,0,0.2266,0,0,0,0,0,0,0,0,0,0,0,0,0,1,1,0
0.125,0.2188,0.2188,0.2188,0,0,0.2188,0,0,0,0,0,0,0,0,0,0,0,0,0,1,1,1
0.1563,0.2109,0.2109,0.2109,0,0,0.2109,0,0,0,0,0,0,0,0,0,0,0,0,0,1,1,1
0.1875,0.2031,0.2031,0.2031,0,0,0.2031,0,0,0,0,0,0,0,0,0,0,0,0,0,0,1,1
0.2188,0.1953,0.1953,0.1953,0,0,0.1953,0,0,0,0,0,0,0,0,0,0,0,0,0,0,1,1
0.25,0.1875,0.1875,0.1875,0,0,0.1875,0,0,0,0,0,0,0,0,0,0,0,0,0,0,1,1
0.1639,0.1639,0.1639,34.43,0,0,0.1639,0,0,0,0,0,0,0,0,0,0,0,0,0,1,0,1
0.2,0,0,0,0.2,0,0,0.2,0.2,0,0,0,0,0,0,0,0,0.2,0,0,1,1,0
0.055,0,0.315,0,0,0.315,0,0,0,0.315,0,0,0,0,0,0,0,0,0,0,1,1,0
0,0.2,0.2,0.2,0,0.2,0.2,0,0,0,0,0,0,0,0,0,0,0,0,0,1,0,0
0,0.2,0.2,0.2,0,0.2,0.2,0,0,0,0,0,0,0,0,0,0,0,0,0,1,0,0
0,0.2,0.2,0.2,0,0.2,0.2,0,0,0,0,0,0,0,0,0,0,0,0,0,1,0,0
0,0.2,0.2,0.2,0,0.2,0.2,0,0,0,0,0,0,0,0,0,0,0,0,0,1,0,0
0,0.2,0.2,0.2,0,0.2,0.2,0,0,0,0,0,0,0,0,0,0,0,0,0,1,0,0
0.091,0.1818,0.1818,0.1818,0,0.1818,0.1818,0,0,0,0,0,0,0,0,0,0,0,0,0,1,1,0
0.091,0.1818,0.1818,0.1818,0,0.1818,0.1818,0,0,0,0,0,0,0,0,0,0,0,0,0,1,1,0
0.091,0.1818,0.1818,0.1818,0,0.1818,0.1818,0,0,0,0,0,0,0,0,0,0,0,0,0,1,1,0
0.091,0.1818,0.1818,0.1818,0,0.1818,0.1818,0,0,0,0,0,0,0,0,0,0,0,0,0,1,1,0
0.091,0.1818,0.1818,0.1818,0,0.1818,0.1818,0,0,0,0,0,0,0,0,0,0,0,0,0,1,1,0
0,0,0,0,0,0,0,0.2,0.2,0,0.2,0,0,0,0,0.2,0.2,0,0,0,0,1,0
0,0,0,0,0,0,0,0.1667,0.1667,0,0.1667,0,0.1667,0,0,0.1667,0.1667,0,0,0,0,1,0
0.2,0,0,0,0,0,0,0,0.3,0,0.1,0,0.3,0,0,0.1,0,0,0,0,0,1,0
0,0,0,0,0,0,0,0.2,0.2,0,0.2,0,0.2,0,0,0,0.2,0,0,0,0,1,0
0,0,0,0,0,0,0,0.2222,0.2222,0,0.2222,0,0.1111,0,0,0,0.2222,0,0,0,0,1,0
0,0,0,0,0,0,0,0.1818,0.1818,0,0.1818,0,0.2727,0,0,0,0.1818,0,0,0,0,1,0
0,0,0,0,0,0,0,0.2222,0.1111,0,0.2222,0,0.2222,0,0,0,0.2222,0,0,0,0,1,0
0,0,0,0,0,0,0,0.1818,0.2727,0,0.1818,0,0.1818,0,0,0,0.1818,0,0,0,0,1,0
0,0,0,0,0,0,0,0.2222,0.2222,0,0.1111,0,0.2222,0,0,0,0.2222,0,0,0,0,1,0
0,0,0,0,0,0,0,0.1818,0.1818,0,0.2727,0,0.1818,0,0,0,0.1818,0,0,0,0,1,0
0,0,0,0,0,0,0,0.2222,0.2222,0,0.2222,0,0.2222,0,0,0,0.1111,0,0,0,0,1,0
0,0,0,0,0,0,0,0.1818,0.1818,0,0.1818,0,0.1818,0,0,0,0.2727,0,0,0,0,1,0
0,0,0,0,0,0,0,0.125,0.25,0,0.25,0,0.25,0,0,0,0.125,0,0,0,0,1,0
0,0,0,0,0,0,0,0.2727,0.1818,0,0.1818,0,0.1818,0,0,0,0.1818,0,0,0,0,1,0
0,0.2,0.2,0.2,0,0,0.2,0,0,0.2,0,0,0,0,0,0,0,0,0,0,1,0,0
0,0.1818,0.1818,0.1818,0,0,0.1818,0,0.0909,0.1818,0,0,0,0,0,0,0,0,0,0,1,0,0
0,0.1724,0.1724,0.1724,0,0,0.1724,0,0.1379,0.1724,0,0,0,0,0,0,0,0,0,0,1,0,1
0,0.1667,0.1667,0.1667,0,0,0.1667,0,0.1667,0.1667,0,0,0,0,0,0,0,0,0,0,1,0,1
0.0909,0.1818,0.1818,0.1818,0,0,0.1818,0,0,0.1818,0,0,0,0,0,0,0,0,0,0,1,0,0
0.087,0.175,0.175,0.175,0,0,0.175,0,0.035,0.175,0,0,0,0,0,0,0,0,0,0,1,0,0
0.084,0.169,0.169,0.169,0,0,0.169,0,0.067,0.169,0,0,0,0,0,0,0,0,0,0,1,1,1
0.081,0.163,0.163,0.163,0,0,0.163,0,0.098,0.163,0,0,0,0,0,0,0,0,0,0,1,1,1
0.079,0.158,0.158,0.158,0,0,0.158,0,0.126,0.158,0,0,0,0,0,0,0,0,0,0,1,1,1
0.076,0.153,0.153,0.153,0,0,0.153,0,0.153,0.153,0,0,0,0,0,0,0,0,0,0,1,1,1
0.074,0.149,0.149,0.149,0,0,0.149,0,0.179,0.149,0,0,0,0,0,0,0,0,0,0,1,1,1
0.072,0.144,0.144,0.144,0,0,0.144,0,0.202,0.144,0,0,0,0,0,0,0,0,0,0,1,1,1
0.07,0.141,0.141,0.141,0,0,0.141,0,0.225,0.141,0,0,0,0,0,0,0,0,0,0,1,1,1
0.068,0.137,0.137,0.137,0,0,0.137,0,0.246,0.137,0,0,0,0,0,0,0,0,0,0,1,1,1
0.066,0.133,0.133,0.133,0,0,0.133,0,0.266,0.133,0,0,0,0,0,0,0,0,0,0,1,1,1
0,0.23,0.23,0.23,0,0.115,0.115,0,0,0,0,0,0,0,0,0,0,0,0.08,0,1,0,0
0,0.2275,0.2275,0.2275,0,0.11375,0.11375,0,0,0,0,0,0,0,0,0,0,0,0.09,0,1,0,0
0,0.225,0.225,0.225,0,0.1125,0.1125,0,0,0,0,0,0,0,0,0,0,0,0.1,0,1,0,0
0,0.2225,0.2225,0.2225,0,0.11125,0.11125,0,0,0,0,0,0,0,0,0,0,0,0.11,0,1,0,0
0,0.22,0.22,0.22,0,0.11,0.11,0,0,0,0,0,0,0,0,0,0,0,0.12,0,1,0,0
0,0.2175,0.2175,0.2175,0,0.10875,0.10875,0,0,0,0,0,0,0,0,0,0,0,0.13,0,1,0,0
0,0.2275,0.2275,0.2275,0,0.11375,0.11375,0,0,0,0,0,0,0,0,0,0,0,0.09,0,1,0,0
0,0.225,0.225,0.225,0,0.1125,0.1125,0,0,0,0,0,0,0,0,0,0,0,0.1,0,1,0,0
0,0.2225,0.2225,0.2225,0,0.11125,0.11125,0,0,0,0,0,0,0,0,0,0,0,0.11,0,1,0,1
0,0.22,0.22,0.22,0,0.11,0.11,0,0,0,0,0,0,0,0,0,0,0,0.12,0,1,0,1
0,0.2175,0.2175,0.2175,0,0.10875,0.10875,0,0,0,0,0,0,0,0,0,0,0,0.13,0,1,0,1
0,0.1,0.42,0,0.05,0.28,0.15,0,0,0,0,0,0,0,0,0,0,0,0,0,0,0,1
0,0.2,0.4,0,0.05,0.2,0.15,0,0,0,0,0,0,0,0,0,0,0,0,0,0,0,1
0,0.1,0.5,0,0,0.3,0.1,0,0,0,0,0,0,0,0,0,0,0,0,0,1,0,0
0,0,0.4,0.1,0,0.35,0.15,0,0,0,0,0,0,0,0,0,0,0,0,0,1,0,0
0,0,0.45,0.1,0,0.3,0.15,0,0,0,0,0,0,0,0,0,0,0,0,0,1,0,0
0,0,0.5,0.1,0,0.25,0.15,0,0,0,0,0,0,0,0,0,0,0,0,0,1,0,0
0,0,0.55,0.1,0,0.2,0.15,0,0,0,0,0,0,0,0,0,0,0,0,0,1,0,0
0,0.2,0.2,0.2,0,0.2,0.2,0,0,0,0,0,0,0,0,0,0,0,0,0,1,0,0
0.0909,0.303,0.303,0.303,0,0,0,0,0,0,0,0,0,0,0,0,0,0,0,0,1,0,0
0,0.2,0.2,0.2,0,0.2,0.2,0,0,0,0,0,0,0,0,0,0,0,0,0,1,0,0
0.2,0.2,0.2,0.2,0,0,0.2,0,0,0,0,0,0,0,0,0,0,0,0,0,1,1,0
0.12,0.22,0.08,0.46,0,0,0.08,0.01,0.03,0,0,0,0,0,0,0,0,0,0,0,1,0,1
0,0.333,0.333,0.333,0,0,0,0,0,0,0,0,0,0,0,0,0,0,0,0,1,0,0
0,0.333,0.333,0.333,0,0,0,0,0,0,0,0,0,0,0,0,0,0,0,0,1,0,0
0,0.2469,0.2469,0.2469,0.0123,0,0.2469,0,0,0,0,0,0,0,0,0,0,0,0,0,1,0,0
0,0.2469,0.2469,0.2469,0.0123,0,0.2469,0,0,0,0,0,0,0,0,0,0,0,0,0,1,0,0
0,0.25,0.25,0.25,0,0,0.25,0,0,0,0,0,0,0,0,0,0,0,0,0,1,0,0
0,0.2469,0.2469,0.2469,0,0,0.2469,0,0,0,0,0,0,0,0,0,0,0,0,0.0123,1,0,0
0.1111,0.2222,0.2222,0.2222,0,0,0.2222,0,0,0,0,0,0,0,0,0,0,0,0,0,1,0,0
0,0.2,0.2,0.2,0,0.2,0.2,0,0,0,0,0,0,0,0,0,0,0,0,0,1,0,0
0,0.2,0.2,0.2,0,0.2,0.2,0,0,0,0,0,0,0,0,0,0,0,0,0,1,0,0
0,0.2,0.2,0.2,0,0.2,0.2,0,0,0,0,0,0,0,0,0,0,0,0,0,1,0,0
0,0.25,0.25,0.25,0,0,0.25,0,0,0,0,0,0,0,0,0,0,0,0,0,1,0,0
0,0.2,0.2,0.2,0,0.2,0.2,0,0,0,0,0,0,0,0,0,0,0,0,0,1,0,0
0,0.2,0.2,0.2,0,0,0.2,0,0,0,0,0.2,0,0,0,0,0,0,0,0,1,0,0
0,0.1667,0.1667,0.1667,0,0.1667,0.1667,0,0,0,0,0.1667,0,0,0,0,0,0,0,0,1,0,0
0,0.1961,0.1961,0.1961,0,0.1961,0.1961,0,0.0196,0,0,0,0,0,0,0,0,0,0,0,1,0,0
0.13,0.2,0.2,0.235,0,0,0.235,0,0,0,0,0,0,0,0,0,0,0,0,0,1,0,0
0.1639,0.1639,0.1639,0.3443,0,0,0.1639,0,0,0,0,0,0,0,0,0,0,0,0,0,1,0,1
0.1639,0.1639,0.1639,0.3443,0,0,0.1639,0,0,0,0,0,0,0,0,0,0,0,0,0,1,0,1
0.1639,0.1639,0.1639,0.3443,0,0,0.1639,0,0,0,0,0,0,0,0,0,0,0,0,0,1,0,1
0.1639,0.1639,0.1639,0.3443,0,0,0.1639,0,0,0,0,0,0,0,0,0,0,0,0,0,1,0,1
0.1639,0.1639,0.1639,0.3443,0,0,0.1639,0,0,0,0,0,0,0,0,0,0,0,0,0,1,0,1
0,0.1667,0.1667,0.1667,0,0.1667,0.1667,0,0,0,0,0.1667,0,0,0,0,0,0,0,0,1,0,0
0,0.25,0.25,0.25,0,0,0.25,0,0,0,0,0,0,0,0,0,0,0,0,0,1,0,0
0,0.2,0.2,0.2,0,0,0.2,0,0,0,0,0.2,0,0,0,0,0,0,0,0,1,0,0
0,0.2,0.2,0.2,0,0.2,0.2,0,0,0,0,0,0,0,0,0,0,0,0,0,1,0,0
0,0.2727,0.1818,0.2727,0,0,0.1818,0,0.0909,0,0,0,0,0,0,0,0,0,0,0,1,1,0
0,0.2,0.2,0.2,0,0.2,0.2,0,0,0,0,0,0,0,0,0,0,0,0,0,1,0,0
0,0.203,0.208,0.207,0,0.181,0.201,0,0,0,0,0,0,0,0,0,0,0,0,0,1,0,0
0,0.169,0.24,0.207,0,0.185,0.199,0,0,0,0,0,0,0,0,0,0,0,0,0,1,0,0
0,0.169,0.24,0.207,0,0.185,0.199,0,0,0,0,0,0,0,0,0,0,0,0,0,1,0,0
0,0.25,0.25,0.25,0,0,0.25,0,0,0,0,0,0,0,0,0,0,0,0,0,1,0,0
0,0.2,0.2,0.2,0,0.2,0.2,0,0,0,0,0,0,0,0,0,0,0,0,0,1,0,0
0,0.2,0.2,0.2,0,0.2,0.2,0,0,0,0,0,0,0,0,0,0,0,0,0,1,0,0
0,0.3181,0.3551,0.3268,0,0,0,0,0,0,0,0,0,0,0,0,0,0,0,0,1,0,0
0.0963,0.3073,0.3045,0.2919,0,0,0,0,0,0,0,0,0,0,0,0,0,0,0,0,1,0,0
0.1742,0.2749,0.2781,0.2728,0,0,0,0,0,0,0,0,0,0,0,0,0,0,0,0,1,1,0
0.2287,0.2585,0.2613,0.2515,0,0,0,0,0,0,0,0,0,0,0,0,0,0,0,0,1,1,0
0.2842,0.2392,0.2438,0.2328,0,0,0,0,0,0,0,0,0,0,0,0,0,0,0,0,0,1,0
0,0.27,0.193,0.271,0,0,0.187,0,0.093,0,0,0,0,0,0,0,0,0,0,0,1,0,1
0.038,0.261,0.171,0.263,0,0,0.176,0,0.091,0,0,0,0,0,0,0,0,0,0,0,1,0,0
0,0.245,0.163,0.246,0,0,0.171,0,0.175,0,0,0,0,0,0,0,0,0,0,0,1,0,1
0.039,0.239,0.156,0.236,0,0,0.156,0,0.174,0,0,0,0,0,0,0,0,0,0,0,1,0,1
0.175,0.075,0.25,0.25,0,0,0.25,0,0,0,0,0,0,0,0,0,0,0,0,0,1,1,0
0,0.2,0.2,0.2,0,0,0.2,0,0,0.2,0,0,0,0,0,0,0,0,0,0,1,0,0
0.2,0,0.2,0.2,0,0,0.2,0,0,0.2,0,0,0,0,0,0,0,0,0,0,1,1,0
0.2,0.2,0.2,0.2,0,0,0.2,0,0,0,0,0,0,0,0,0,0,0,0,0,0,1,0
0.272,0.182,0.182,0.182,0,0,0.182,0,0,0,0,0,0,0,0,0,0,0,0,0,0,1,0
0.332,0.167,0.167,0.167,0,0,0.167,0,0,0,0,0,0,0,0,0,0,0,0,0,0,1,0
0.384,0.154,0.154,0.154,0,0,0.154,0,0,0,0,0,0,0,0,0,0,0,0,0,0,1,0
0.428,0.143,0.143,0.143,0,0,0.143,0,0,0,0,0,0,0,0,0,0,0,0,0,0,1,0
0.2,0.2,0.2,0.2,0,0,0.2,0,0,0,0,0,0,0,0,0,0,0,0,0,0,1,0
0.2,0.2,0.2,0.2,0,0,0.2,0,0,0,0,0,0,0,0,0,0,0,0,0,0,1,0
0.2,0.2,0.2,0.2,0,0,0.2,0,0,0,0,0,0,0,0,0,0,0,0,0,0,1,0
0.2,0.2,0.2,0.2,0,0,0.2,0,0,0,0,0,0,0,0,0,0,0,0,0,0,1,0
0.2,0.2,0.2,0.2,0,0,0.2,0,0,0,0,0,0,0,0,0,0,0,0,0,0,1,0
0,0.182,0.182,0.182,0,0,0.182,0,0.0909,0.182,0,0,0,0,0,0,0,0,0,0,1,0,0
0.0454,0.182,0.182,0.182,0,0,0.182,0,0.0909,0.136,0,0,0,0,0,0,0,0,0,0,1,0,0
0.0909,0.182,0.182,0.182,0,0,0.182,0,0.0909,0.0909,0,0,0,0,0,0,0,0,0,0,1,1,0
0.136,0.182,0.182,0.182,0,0,0.182,0,0.0909,0.0454,0,0,0,0,0,0,0,0,0,0,0,1,0
0.2,0.2,0.2,0.2,0,0,0.2,0,0,0,0,0,0,0,0,0,0,0,0,0,0,1,0
0.1818,0.1818,0.1818,0.1818,0,0,0.1818,0,0.0909,0,0,0,0,0,0,0,0,0,0,0,0,1,0
0.1667,0.1667,0.1667,0.1667,0,0,0.1667,0,0.1667,0,0,0,0,0,0,0,0,0,0,0,0,1,0
0.1538,0.1538,0.1538,0.1538,0,0,0.1538,0,0.2308,0,0,0,0,0,0,0,0,0,0,0,0,1,1
0,0.2,0.2,0.2,0,0,0.2,0,0,0.2,0,0,0,0,0,0,0,0,0,0,1,0,0
0.0566,0.1887,0.1887,0.1887,0,0,0.1887,0,0,0.1887,0,0,0,0,0,0,0,0,0,0,1,0,0
0.0909,0.1818,0.1818,0.1818,0,0,0.1818,0,0,0.1818,0,0,0,0,0,0,0,0,0,0,1,0,0
0.1379,0.1724,0.1724,0.1724,0,0,0.1724,0,0,0.1724,0,0,0,0,0,0,0,0,0,0,1,1,0
0.1667,0.1667,0.1667,0.1667,0,0,0.1667,0,0,0.1667,0,0,0,0,0,0,0,0,0,0,1,1,0
0.2063,0.1587,0.1587,0.1587,0,0,0.1587,0,0,0.1587,0,0,0,0,0,0,0,0,0,0,1,1,0
0.2308,0.1538,0.1538,0.1538,0,0,0.1538,0,0,0.1538,0,0,0,0,0,0,0,0,0,0,1,1,0
0.2647,0.1471,0.1471,0.1471,0,0,0.1471,0,0,0.1471,0,0,0,0,0,0,0,0,0,0,1,1,0
0.2857,0.1429,0.1429,0.1429,0,0,0.1429,0,0,0.1429,0,0,0,0,0,0,0,0,0,0,1,1,0
0.3151,0.137,0.137,0.137,0,0,0.137,0,0,0.137,0,0,0,0,0,0,0,0,0,0,1,1,0
0.3333,0.1333,0.1333,0.1333,0,0,0.1333,0,0,0.1333,0,0,0,0,0,0,0,0,0,0,1,1,0
0.359,0.1282,0.1282,0.1282,0,0,0.1282,0,0,0.1282,0,0,0,0,0,0,0,0,0,0,0,1,0
0.375,0.125,0.125,0.125,0,0,0.125,0,0,0.125,0,0,0,0,0,0,0,0,0,0,0,1,0
0.25,0,0.25,0.25,0,0,0.25,0,0,0,0,0,0,0,0,0,0,0,0,0,0,1,1
0,0.2222,0.2222,0.2222,0,0,0.2222,0,0,0.1111,0,0,0,0,0,0,0,0,0,0,1,0,1
0,0.2222,0.2222,0.2222,0,0,0.2222,0,0,0.1111,0,0,0,0,0,0,0,0,0,0,1,0,1
0,0.2222,0.2222,0.2222,0,0,0.2222,0,0,0.1111,0,0,0,0,0,0,0,0,0,0,1,0,1
0,0.2222,0.2222,0.2222,0,0,0.2222,0,0,0.1111,0,0,0,0,0,0,0,0,0,0,1,0,1
0,0.2222,0.2222,0.2222,0,0,0.2222,0,0,0.1111,0,0,0,0,0,0,0,0,0,0,1,0,1
0,0.2222,0.2222,0.2222,0,0,0.2222,0,0,0.1111,0,0,0,0,0,0,0,0,0,0,1,0,1
0,0.2222,0.2222,0.2222,0,0,0.2222,0,0,0.1111,0,0,0,0,0,0,0,0,0,0,1,0,1
0,0.2222,0.2222,0.2222,0,0,0.2222,0,0,0.1111,0,0,0,0,0,0,0,0,0,0,1,0,1
0,0.2222,0.2222,0.2222,0,0,0.2222,0,0,0.1111,0,0,0,0,0,0,0,0,0,0,1,0,1
0,0.2,0.2,0.2,0,0,0.2,0,0,0.2,0,0,0,0,0,0,0,0,0,0,1,0,0
0,0.1818,0.1818,0.1818,0,0,0.1818,0,0.0909,0.1818,0,0,0,0,0,0,0,0,0,0,1,0,0
0,0.1724,0.1724,0.1724,0,0,0.1724,0,0.1379,0.1724,0,0,0,0,0,0,0,0,0,0,1,0,1
0,0.1667,0.1667,0.1667,0,0,0.1667,0,0.1667,0.1667,0,0,0,0,0,0,0,0,0,0,1,0,1
0.0909,0.1818,0.1818,0.1818,0,0,0.1818,0,0,0.1818,0,0,0,0,0,0,0,0,0,0,1,0,0
0.0877,0.1754,0.1754,0.1754,0,0,0.1754,0,0.0351,0.1754,0,0,0,0,0,0,0,0,0,0,1,0,0
0.0847,0.1695,0.1695,0.1695,0,0,0.1695,0,0.0678,0.1695,0,0,0,0,0,0,0,0,0,0,1,1,0
0.082,0.1639,0.1639,0.1639,0,0,0.1639,0,0.0984,0.1639,0,0,0,0,0,0,0,0,0,0,1,1,0
0.0794,0.1587,0.1587,0.1587,0,0,0.1587,0,0.127,0.1587,0,0,0,0,0,0,0,0,0,0,1,1,1
0.0769,0.1538,0.1538,0.1538,0,0,0.1538,0,0.1538,0.1538,0,0,0,0,0,0,0,0,0,0,1,1,1
0.0746,0.1493,0.1493,0.1493,0,0,0.1493,0,0.1791,0.1493,0,0,0,0,0,0,0,0,0,0,1,1,1
0.0725,0.1449,0.1449,0.1449,0,0,0.1449,0,0.2029,0.1449,0,0,0,0,0,0,0,0,0,0,1,1,1
0.0704,0.1408,0.1408,0.1408,0,0,0.1408,0,0.2254,0.1408,0,0,0,0,0,0,0,0,0,0,1,1,1
0.0685,0.137,0.137,0.137,0,0,0.137,0,0.2466,0.137,0,0,0,0,0,0,0,0,0,0,1,1,1
0.0667,0.1333,0.1333,0.1333,0,0,0.1333,0,0.2667,0.1333,0,0,0,0,0,0,0,0,0,0,1,1,1
0.0909,0.1818,0.1818,0.1818,0,0,0.1818,0,0,0.1818,0,0,0,0,0,0,0,0,0,0,1,0,0
0.2,0.2,0.2,0.2,0,0,0,0,0,0.2,0,0,0,0,0,0,0,0,0,0,1,1,0
0.1667,0.1667,0.1667,0.1667,0,0,0.1667,0,0,0.1667,0,0,0,0,0,0,0,0,0,0,1,1,0
0.1667,0.1667,0.1667,0.1667,0,0,0,0,0.1667,0.1667,0,0,0,0,0,0,0,0,0,0,1,1,0
0.1667,0.1667,0.1667,0.1667,0,0,0.1667,0,0,0.1667,0,0,0,0,0,0,0,0,0,0,1,1,0
0.1428,0.1428,0.1428,0.1428,0,0,0.1428,0,0.1428,0.1428,0,0,0,0,0,0,0,0,0,0,1,1,1
0,0.25,0.25,0.25,0,0,0,0,0,0.25,0,0,0,0,0,0,0,0,0,0,1,0,0
0.0385,0,0.1923,0.3846,0,0,0.1923,0,0,0.1923,0,0,0,0,0,0,0,0,0,0,1,0,0
0.0741,0,0.1852,0.3704,0,0,0.1852,0,0,0.1852,0,0,0,0,0,0,0,0,0,0,1,0,0
0.1071,0,0.1786,0.3571,0,0,0.1786,0,0,0.1786,0,0,0,0,0,0,0,0,0,0,1,0,0
0.1379,0,0.1724,0.3448,0,0,0.1724,0,0,0.1724,0,0,0,0,0,0,0,0,0,0,1,0,0
0.1667,0,0.1667,0.3333,0,0,0.1667,0,0,0.1667,0,0,0,0,0,0,0,0,0,0,0,1,0
0.1935,0,0.1613,0.3226,0,0,0.1613,0,0,0.1613,0,0,0,0,0,0,0,0,0,0,0,1,0
0.1667,0,0.1667,0.1667,0,0,0.1667,0,0.1667,0.1667,0,0,0,0,0,0,0,0,0,0,0,1,1
0.1739,0.1739,0.1739,0.1739,0,0,0.1739,0,0.087,0.0435,0,0,0,0,0,0,0,0,0,0,0,1,0
0.1667,0.1667,0.1667,0.1667,0,0,0.1667,0,0.0833,0.0833,0,0,0,0,0,0,0,0,0,0,0,1,0
0,0.25,0.25,0.25,0,0,0.25,0,0,0,0,0,0,0,0,0,0,0,0,0,1,0,0
0.1846,0.2065,0.1936,0.4153,0,0,0,0,0,0,0,0,0,0,0,0,0,0,0,0,1,1,0
0.2,0.2,0.2,0.2,0,0,0.2,0,0,0,0,0,0,0,0,0,0,0,0,0,0,1,0
0.1667,0.1667,0.1667,0.3333,0,0,0.1667,0,0,0,0,0,0,0,0,0,0,0,0,0,1,0,0
0.1639,0.1639,0.1639,0.3443,0,0,0.1639,0,0,0,0,0,0,0,0,0,0,0,0,0,1,0,1
0.1613,0.1613,0.1613,0.3548,0,0,0.1613,0,0,0,0,0,0,0,0,0,0,0,0,0,1,0,1
0.0257,0.3162,0.3162,0.3162,0,0,0,0,0.0257,0,0,0,0,0,0,0,0,0,0,0,1,0,1
0.1489,0.2128,0.2128,0.2128,0,0,0.2128,0,0,0,0,0,0,0,0,0,0,0,0,0,1,1,1
0.1489,0.2128,0.2128,0.2128,0,0,0.2128,0,0,0,0,0,0,0,0,0,0,0,0,0,1,0,1
0.1304,0.2174,0.2174,0.2174,0,0,0.2174,0,0,0,0,0,0,0,0,0,0,0,0,0,1,1,0
0.0351,0.2632,0.1754,0.2623,0,0,0.1754,0,0.0877,0,0,0,0,0,0,0,0,0,0,0,1,0,0
0,0.3333,0,0.3333,0,0,0.3333,0,0,0,0,0,0,0,0,0,0,0,0,0,1,0,0
0.0909,0.2727,0.1818,0.2727,0,0,0.1818,0,0,0,0,0,0,0,0,0,0,0,0,0,1,0,0
0.0909,0.2727,0.1818,0.2727,0,0,0.1818,0,0,0,0,0,0,0,0,0,0,0,0,0,1,0,1
0.1346,0.1923,0.1923,0.1923,0,0,0.1923,0,0,0.0962,0,0,0,0,0,0,0,0,0,0,1,1,0
0.1429,0.1905,0.1905,0.1905,0,0,0.1905,0,0,0.0952,0,0,0,0,0,0,0,0,0,0,1,1,0
0.1509,0.1887,0.1887,0.1887,0,0,0.1887,0,0,0.0943,0,0,0,0,0,0,0,0,0,0,1,1,0
0.1667,0.1852,0.1852,0.1852,0,0,0.1852,0,0,0.0926,0,0,0,0,0,0,0,0,0,0,1,1,0
0.2,0.2,0.2,0.2,0,0,0.2,0,0,0,0,0,0,0,0,0,0,0,0,0,0,1,0
0.1961,0.1961,0.1961,0.196,0,0,0.1961,0,0,0.0196,0,0,0,0,0,0,0,0,0,0,0,1,0
0.1818,0.1818,0.1818,0.1818,0,0,0.1818,0,0,0.0909,0,0,0,0,0,0,0,0,0,0,0,1,0
0.2381,0,0.2381,0.2381,0,0,0.2381,0,0.0476,0,0,0,0,0,0,0,0,0,0,0,0,1,1
0.1667,0.1667,0.1667,0.1667,0,0,0.1667,0,0,0.1667,0,0,0,0,0,0,0,0,0,0,1,1,0
0.0909,0.1818,0.1818,0.1818,0,0,0.1818,0,0,0.1818,0,0,0,0,0,0,0,0,0,0,1,0,0
0.1667,0,0.1667,0.5,0,0,0.1667,0,0,0,0,0,0,0,0,0,0,0,0,0,1,0,1
0.1667,0.0333,0.1667,0.4667,0,0,0.1667,0,0,0,0,0,0,0,0,0,0,0,0,0,1,0,1
0.1667,0.0667,0.1667,0.4333,0,0,0.1667,0,0,0,0,0,0,0,0,0,0,0,0,0,1,0,1
0.1667,0.1,0.1667,0.4,0,0,0.1667,0,0,0,0,0,0,0,0,0,0,0,0,0,1,0,1
0.1667,0.1333,0.1667,0.3667,0,0,0.1667,0,0,0,0,0,0,0,0,0,0,0,0,0,1,0,1
0.1667,0.1667,0.1667,0.3333,0,0,0.1667,0,0,0,0,0,0,0,0,0,0,0,0,0,1,0,1
0,0.25,0.25,0.25,0,0,0.25,0,0,0,0,0,0,0,0,0,0,0,0,0,1,0,0
0,0.25,0.25,0.25,0,0,0.25,0,0,0,0,0,0,0,0,0,0,0,0,0,1,0,0
0,0.3333,0,0.3333,0,0,0.3333,0,0,0,0,0,0,0,0,0,0,0,0,0,1,0,0
0,0.3333,0,0.3333,0,0,0.3333,0,0,0,0,0,0,0,0,0,0,0,0,0,1,0,0
0,0.3333,0,0.3333,0,0,0.3333,0,0,0,0,0,0,0,0,0,0,0,0,0,1,0,0
0.03,0.3233,0,0.3233,0,0,0.3233,0,0,0,0,0,0,0,0,0,0,0,0,0,1,0,0
0.03,0.3233,0,0.3233,0,0,0.3233,0,0,0,0,0,0,0,0,0,0,0,0,0,1,0,0
0.03,0.3233,0,0.3233,0,0,0.3233,0,0,0,0,0,0,0,0,0,0,0,0,0,1,0,0
0.1639,0.1639,0.1639,0.3443,0,0,0.1639,0,0,0,0,0,0,0,0,0,0,0,0,0,1,0,1
0.1639,0.1639,0.1639,0.3443,0,0,0.1639,0,0,0,0,0,0,0,0,0,0,0,0,0,1,0,1
0.1639,0.1639,0.1639,0.3443,0,0,0.1639,0,0,0,0,0,0,0,0,0,0,0,0,0,1,1,0
0.1639,0.1639,0.1639,0.3443,0,0,0.1639,0,0,0,0,0,0,0,0,0,0,0,0,0,1,1,0
0.1,0.25,0.25,0.25,0,0,0,0,0.15,0,0,0,0,0,0,0,0,0,0,0,0,0,1
0.1,0.25,0.25,0.25,0,0,0,0,0.15,0,0,0,0,0,0,0,0,0,0,0,0,0,1
0.1053,0.1754,0.1754,0.3684,0,0,0.1754,0,0,0,0,0,0,0,0,0,0,0,0,0,1,0,1
0.1207,0.1724,0.1724,0.3621,0,0,0.1724,0,0,0,0,0,0,0,0,0,0,0,0,0,1,0,1
0.1429,0.1681,0.1681,0.3529,0,0,0.1681,0,0,0,0,0,0,0,0,0,0,0,0,0,1,0,1
0.1639,0.1639,0.1639,0.3443,0,0,0.1639,0,0,0,0,0,0,0,0,0,0,0,0,0,1,0,1
0.1774,0.1613,0.1613,0.3387,0,0,0.1613,0,0,0,0,0,0,0,0,0,0,0,0,0,0,0,1
0.409,0.146,0.147,0.148,0,0,0.15,0,0,0,0,0,0,0,0,0,0,0,0,0,0,1,1
0.401,0.147,0.153,0.147,0,0,0.152,0,0,0,0,0,0,0,0,0,0,0,0,0,0,1,1
0.381,0.156,0.155,0.152,0,0,0.156,0,0,0,0,0,0,0,0,0,0,0,0,0,0,1,1
0.388,0.155,0.156,0.152,0,0,0.149,0,0,0,0,0,0,0,0,0,0,0,0,0,0,1,1
0.2,0.2,0,0.4,0,0,0.2,0,0,0,0,0,0,0,0,0,0,0,0,0,1,1,1
0.18,0.2,0,0.42,0,0,0.2,0,0,0,0,0,0,0,0,0,0,0,0,0,1,1,1
0.16,0.2,0,0.44,0,0,0.2,0,0,0,0,0,0,0,0,0,0,0,0,0,1,1,1
0.14,0.2,0,0.46,0,0,0.2,0,0,0,0,0,0,0,0,0,0,0,0,0,1,1,1
0,0.25,0.25,0.25,0,0,0.25,0,0,0,0,0,0,0,0,0,0,0,0,0,1,0,0
0,0.2447,0.2509,0.244,0,0,0.2605,0,0,0,0,0,0,0,0,0,0,0,0,0,1,0,0
0.0588,0.2321,0.2382,0.2259,0,0,0.2449,0,0,0,0,0,0,0,0,0,0,0,0,0,1,0,0
0.0803,0.2263,0.2322,0.2269,0,0,0.2344,0,0,0,0,0,0,0,0,0,0,0,0,0,1,0,0
0.121,0.2263,0.2166,0.2206,0,0,0.2155,0,0,0,0,0,0,0,0,0,0,0,0,0,1,1,0
0.1566,0.2119,0.2092,0.2069,0,0,0.2154,0,0,0,0,0,0,0,0,0,0,0,0,0,1,1,0
0.1733,0.2115,0.2018,0.2043,0,0,0.2093,0,0,0,0,0,0,0,0,0,0,0,0,0,1,1,0
0.2012,0.1958,0.2033,0.1927,0,0,0.207,0,0,0,0,0,0,0,0,0,0,0,0,0,1,1,0
0.2553,0.1924,0.1911,0.1906,0,0,0.1906,0,0,0,0,0,0,0,0,0,0,0,0,0,0,1,0
0.2744,0.1869,0.1795,0.1766,0,0,0.1826,0,0,0,0,0,0,0,0,0,0,0,0,0,0,1,0
0.3013,0.1765,0.1729,0.1697,0,0,0.1796,0,0,0,0,0,0,0,0,0,0,0,0,0,0,1,0
0,0.2,0.2,0.2,0,0,0.2,0,0.2,0,0,0,0,0,0,0,0,0,0,0,1,0,0
0.0909,0.1818,0.1818,0.1818,0,0,0.1818,0,0.1818,0,0,0,0,0,0,0,0,0,0,0,0,1,1
0.1667,0.1667,0.1667,0.1667,0,0,0.1667,0,0.1667,0,0,0,0,0,0,0,0,0,0,0,0,1,1
0.2308,0.1538,0.1538,0.1538,0,0,0.1538,0,0.1538,0,0,0,0,0,0,0,0,0,0,0,0,1,0
0.2857,0.1429,0.1429,0.1429,0,0,0.1429,0,0.1429,0,0,0,0,0,0,0,0,0,0,0,0,1,0
0,0.2,0.2,0.2,0,0,0.2,0,0,0.2,0,0,0,0,0,0,0,0,0,0,1,0,0
0.1,0.18,0.18,0.18,0,0,0.18,0,0,0.18,0,0,0,0,0,0,0,0,0,0,1,0,0
0.167,0.167,0.167,0.167,0,0,0.167,0,0,0.167,0,0,0,0,0,0,0,0,0,0,1,1,0
0.2308,0.15384,0.15384,0.15384,0,0,0.15384,0,0,0.15384,0,0,0,0,0,0,0,0,0,0,1,1,0
0.285,0.143,0.143,0.143,0,0,0.143,0,0,0.143,0,0,0,0,0,0,0,0,0,0,1,1,0
0.335,0.133,0.133,0.133,0,0,0.133,0,0,0.133,0,0,0,0,0,0,0,0,0,0,1,1,0
0.375,0.125,0.125,0.125,0,0,0.125,0,0,0.125,0,0,0,0,0,0,0,0,0,0,0,1,0
0.167,0.167,0,0.167,0,0,0.167,0,0.167,0.167,0,0,0,0,0,0,0,0,0,0,0,0,1
0.2174,0,0.2174,0.1304,0,0,0.2174,0,0,0.2174,0,0,0,0,0,0,0,0,0,0,1,1,1
0.2083,0,0.2083,0.1668,0,0,0.2083,0,0,0.2083,0,0,0,0,0,0,0,0,0,0,1,1,1
0.2,0,0.2,0.2,0,0,0.2,0,0,0.2,0,0,0,0,0,0,0,0,0,0,1,1,1
0.1923,0,0.1923,0.2308,0,0,0.1923,0,0,0.1923,0,0,0,0,0,0,0,0,0,0,1,1,0
0.1852,0,0.1852,0.2592,0,0,0.1852,0,0,0.1852,0,0,0,0,0,0,0,0,0,0,1,1,0
0.25,0,0,0.25,0,0,0,0,0.25,0.25,0,0,0,0,0,0,0,0,0,0,1,0,0
0.225,0,0.15,0.2,0,0,0,0,0.225,0.2,0,0,0,0,0,0,0,0,0,0,1,0,1
0.2,0,0.2,0.2,0,0,0,0,0.2,0.2,0,0,0,0,0,0,0,0,0,0,1,0,1
0.25,0,0,0.25,0,0,0,0,0.25,0.25,0,0,0,0,0,0,0,0,0,0,1,0,0
0.225,0,0.15,0.2,0,0,0,0,0.225,0.2,0,0,0,0,0,0,0,0,0,0,1,0,1
0.2,0,0.2,0.2,0,0,0,0,0.2,0.2,0,0,0,0,0,0,0,0,0,0,1,0,1
0.25,0,0,0.25,0,0,0,0,0.25,0.25,0,0,0,0,0,0,0,0,0,0,1,0,0
0.225,0,0.15,0.2,0,0,0,0,0.225,0.2,0,0,0,0,0,0,0,0,0,0,1,0,1
0.2,0,0.2,0.2,0,0,0,0,0.2,0.2,0,0,0,0,0,0,0,0,0,0,1,0,1
0.25,0,0,0.25,0,0,0,0,0.25,0.25,0,0,0,0,0,0,0,0,0,0,1,0,0
0.225,0,0.15,0.2,0,0,0,0,0.225,0.2,0,0,0,0,0,0,0,0,0,0,1,0,1
0.2,0,0.2,0.2,0,0,0,0,0.2,0.2,0,0,0,0,0,0,0,0,0,0,1,0,1
0.2,0.2,0.2,0.2,0,0,0.2,0,0,0,0,0,0,0,0,0,0,0,0,0,0,1,0
0.123,0.175,0.352,0.175,0,0,0.175,0,0,0,0,0,0,0,0,0,0,0,0,0,0,1,1
0.123,0.175,0.352,0.175,0,0,0.175,0,0,0,0,0,0,0,0,0,0,0,0,0,0,1,1
0.123,0.175,0.352,0.175,0,0,0.175,0,0,0,0,0,0,0,0,0,0,0,0,0,0,1,1
0.0938,0.2266,0.2266,0.2266,0,0,0.2266,0,0,0,0,0,0,0,0,0,0,0,0,0,1,1,0
0.125,0.2188,0.2188,0.2188,0,0,0.2188,0,0,0,0,0,0,0,0,0,0,0,0,0,1,1,1
0.1563,0.2109,0.2109,0.2109,0,0,0.2109,0,0,0,0,0,0,0,0,0,0,0,0,0,1,1,1
0.1875,0.2031,0.2031,0.2031,0,0,0.2031,0,0,0,0,0,0,0,0,0,0,0,0,0,0,1,1
0.2188,0.1953,0.1953,0.1953,0,0,0.1953,0,0,0,0,0,0,0,0,0,0,0,0,0,0,1,1
0.25,0.1875,0.1875,0.1875,0,0,0.1875,0,0,0,0,0,0,0,0,0,0,0,0,0,0,1,1
0,0.2,0.2,0.2,0,0,0.2,0,0,0.2,0,0,0,0,0,0,0,0,0,0,1,0,0
0,0.1818,0.1818,0.1818,0,0,0.1818,0,0.0909,0.1818,0,0,0,0,0,0,0,0,0,0,1,0,0
0,0.1724,0.1724,0.1724,0,0,0.1724,0,0.1379,0.1724,0,0,0,0,0,0,0,0,0,0,1,0,1
0,0.1667,0.1667,0.1667,0,0,0.1667,0,0.1667,0.1667,0,0,0,0,0,0,0,0,0,0,1,0,1
0.0909,0.1818,0.1818,0.1818,0,0,0.1818,0,0,0.1818,0,0,0,0,0,0,0,0,0,0,1,0,0
0.087,0.175,0.175,0.175,0,0,0.175,0,0.035,0.175,0,0,0,0,0,0,0,0,0,0,1,0,0
0.084,0.169,0.169,0.169,0,0,0.169,0,0.067,0.169,0,0,0,0,0,0,0,0,0,0,1,1,1
0.081,0.163,0.163,0.163,0,0,0.163,0,0.098,0.163,0,0,0,0,0,0,0,0,0,0,1,1,1
0.079,0.158,0.158,0.158,0,0,0.158,0,0.126,0.158,0,0,0,0,0,0,0,0,0,0,1,1,1
0.076,0.153,0.153,0.153,0,0,0.153,0,0.153,0.153,0,0,0,0,0,0,0,0,0,0,1,1,1
0.074,0.149,0.149,0.149,0,0,0.149,0,0.179,0.149,0,0,0,0,0,0,0,0,0,0,1,1,1
0.072,0.144,0.144,0.144,0,0,0.144,0,0.202,0.144,0,0,0,0,0,0,0,0,0,0,1,1,1
0.07,0.141,0.141,0.141,0,0,0.141,0,0.225,0.141,0,0,0,0,0,0,0,0,0,0,1,1,1
0.068,0.137,0.137,0.137,0,0,0.137,0,0.246,0.137,0,0,0,0,0,0,0,0,0,0,1,1,1
0.066,0.133,0.133,0.133,0,0,0.133,0,0.266,0.133,0,0,0,0,0,0,0,0,0,0,1,1,1
0.091,0.303,0.303,0.303,0,0,0,0,0,0,0,0,0,0,0,0,0,0,0,0,1,0,0
0.2,0.2,0.2,0.2,0,0,0.2,0,0,0,0,0,0,0,0,0,0,0,0,0,1,1,0
0,0.25,0.25,0.25,0,0,0.25,0,0,0,0,0,0,0,0,0,0,0,0,0,1,0,0
0.1111,0.2222,0.2222,0.2222,0,0,0.2222,0,0,0,0,0,0,0,0,0,0,0,0,0,1,0,0
0.1639,0.1639,0.1639,0.3443,0,0,0.1639,0,0,0,0,0,0,0,0,0,0,0,0,0,1,0,1
0.1639,0.1639,0.1639,0.3443,0,0,0.1639,0,0,0,0,0,0,0,0,0,0,0,0,0,1,0,1
0.1639,0.1639,0.1639,0.3443,0,0,0.1639,0,0,0,0,0,0,0,0,0,0,0,0,0,1,0,1
0.1639,0.1639,0.1639,0.3443,0,0,0.1639,0,0,0,0,0,0,0,0,0,0,0,0,0,1,0,1
0.1639,0.1639,0.1639,0.3443,0,0,0.1639,0,0,0,0,0,0,0,0,0,0,0,0,0,1,0,1
0,0.2727,0.1818,0.2727,0,0,0.1818,0,0.0909,0,0,0,0,0,0,0,0,0,0,0,1,1,0
